id,index,label,kind,use_scene,icon_name,flag_names,official_source,visual_family,drawing_brief,replacement_state,art_status,runtime_bitmap_symbol,runtime_encoding,acceptance_rule,official_coverage,replacement_contract
CAT-000,0,APPLE PIE,food,snack,icon_6,['snack'],food/snack behavior reference,snack silhouette with compact object readability,Draw `APPLE PIE` as a 16x16 snack silhouette with compact object readability; key cue: round fruit or pie with stem/leaf cue.,needs_final_art,official section scene only,kCatalogEntryBitmaps[0],"16 uint16_t rows, high bit is leftmost pixel","catalog row must remain recognizable at native 16x16, at x2 proof scale, and when placed in the compact 64x64 main scene; it must not depend on text labels, anti-aliased grayscale, or runtime image files.",source-backed substitute with official section scene reference,Replace only this 16x16 C++ row in EchoPetCatalogVisuals.cpp or regenerate it with the manifest row id preserved. Do not add runtime PNG/JPG/GIF loading.
CAT-001,1,BANANA,food,snack,icon_7,['snack'],food/snack behavior reference,snack silhouette with compact object readability,Draw `BANANA` as a 16x16 snack silhouette with compact object readability; key cue: curved crescent fruit cue.,needs_final_art,official section scene only,kCatalogEntryBitmaps[1],"16 uint16_t rows, high bit is leftmost pixel","catalog row must remain recognizable at native 16x16, at x2 proof scale, and when placed in the compact 64x64 main scene; it must not depend on text labels, anti-aliased grayscale, or runtime image files.",source-backed substitute with official section scene reference,Replace only this 16x16 C++ row in EchoPetCatalogVisuals.cpp or regenerate it with the manifest row id preserved. Do not add runtime PNG/JPG/GIF loading.
CAT-002,2,BBQ,food,meal,icon_1,[],food/snack behavior reference,meal silhouette with plate/bowl readability,"Draw `BBQ` as a 16x16 meal silhouette with plate/bowl readability; key cue: meat/plate cue, not a generic bowl.",needs_final_art,official section scene only,kCatalogEntryBitmaps[2],"16 uint16_t rows, high bit is leftmost pixel","catalog row must remain recognizable at native 16x16, at x2 proof scale, and when placed in the compact 64x64 main scene; it must not depend on text labels, anti-aliased grayscale, or runtime image files.",source-backed substitute with official section scene reference,Replace only this 16x16 C++ row in EchoPetCatalogVisuals.cpp or regenerate it with the manifest row id preserved. Do not add runtime PNG/JPG/GIF loading.
CAT-003,3,BEEF BOWL,food,meal,icon_1,[],food/snack behavior reference,meal silhouette with plate/bowl readability,Draw `BEEF BOWL` as a 16x16 meal silhouette with plate/bowl readability; key cue: bowl with beef topping cue.,needs_final_art,official section scene only,kCatalogEntryBitmaps[3],"16 uint16_t rows, high bit is leftmost pixel","catalog row must remain recognizable at native 16x16, at x2 proof scale, and when placed in the compact 64x64 main scene; it must not depend on text labels, anti-aliased grayscale, or runtime image files.",source-backed substitute with official section scene reference,Replace only this 16x16 C++ row in EchoPetCatalogVisuals.cpp or regenerate it with the manifest row id preserved. Do not add runtime PNG/JPG/GIF loading.
CAT-004,4,CHEESE,food,meal,icon_3,[],food/snack behavior reference,meal silhouette with plate/bowl readability,Draw `CHEESE` as a 16x16 meal silhouette with plate/bowl readability; key cue: wedge or cake block cue.,needs_final_art,official section scene only,kCatalogEntryBitmaps[4],"16 uint16_t rows, high bit is leftmost pixel","catalog row must remain recognizable at native 16x16, at x2 proof scale, and when placed in the compact 64x64 main scene; it must not depend on text labels, anti-aliased grayscale, or runtime image files.",source-backed substitute with official section scene reference,Replace only this 16x16 C++ row in EchoPetCatalogVisuals.cpp or regenerate it with the manifest row id preserved. Do not add runtime PNG/JPG/GIF loading.
CAT-005,5,CHEESE CAKE,food,snack,icon_6,['snack'],food/snack behavior reference,snack silhouette with compact object readability,Draw `CHEESE CAKE` as a 16x16 snack silhouette with compact object readability; key cue: wedge or cake block cue.,needs_final_art,official section scene only,kCatalogEntryBitmaps[5],"16 uint16_t rows, high bit is leftmost pixel","catalog row must remain recognizable at native 16x16, at x2 proof scale, and when placed in the compact 64x64 main scene; it must not depend on text labels, anti-aliased grayscale, or runtime image files.",source-backed substitute with official section scene reference,Replace only this 16x16 C++ row in EchoPetCatalogVisuals.cpp or regenerate it with the manifest row id preserved. Do not add runtime PNG/JPG/GIF loading.
CAT-006,6,CHERRY,food,snack,icon_7,['snack'],food/snack behavior reference,snack silhouette with compact object readability,Draw `CHERRY` as a 16x16 snack silhouette with compact object readability; key cue: paired round fruit with stem cue.,needs_final_art,official section scene only,kCatalogEntryBitmaps[6],"16 uint16_t rows, high bit is leftmost pixel","catalog row must remain recognizable at native 16x16, at x2 proof scale, and when placed in the compact 64x64 main scene; it must not depend on text labels, anti-aliased grayscale, or runtime image files.",source-backed substitute with official section scene reference,Replace only this 16x16 C++ row in EchoPetCatalogVisuals.cpp or regenerate it with the manifest row id preserved. Do not add runtime PNG/JPG/GIF loading.
CAT-007,7,CHOCOLATE,food,snack,icon_5,['snack'],food/snack behavior reference,snack silhouette with compact object readability,Draw `CHOCOLATE` as a 16x16 snack silhouette with compact object readability; key cue: segmented bar cue.,needs_final_art,official section scene only,kCatalogEntryBitmaps[7],"16 uint16_t rows, high bit is leftmost pixel","catalog row must remain recognizable at native 16x16, at x2 proof scale, and when placed in the compact 64x64 main scene; it must not depend on text labels, anti-aliased grayscale, or runtime image files.",source-backed substitute with official section scene reference,Replace only this 16x16 C++ row in EchoPetCatalogVisuals.cpp or regenerate it with the manifest row id preserved. Do not add runtime PNG/JPG/GIF loading.
CAT-008,8,COOKIE,food,snack,icon_6,['snack'],food/snack behavior reference,snack silhouette with compact object readability,Draw `COOKIE` as a 16x16 snack silhouette with compact object readability; key cue: round cookie with dot chips.,needs_final_art,official section scene only,kCatalogEntryBitmaps[8],"16 uint16_t rows, high bit is leftmost pixel","catalog row must remain recognizable at native 16x16, at x2 proof scale, and when placed in the compact 64x64 main scene; it must not depend on text labels, anti-aliased grayscale, or runtime image files.",source-backed substitute with official section scene reference,Replace only this 16x16 C++ row in EchoPetCatalogVisuals.cpp or regenerate it with the manifest row id preserved. Do not add runtime PNG/JPG/GIF loading.
CAT-009,9,CORN,food,meal,icon_3,[],food/snack behavior reference,meal silhouette with plate/bowl readability,Draw `CORN` as a 16x16 meal silhouette with plate/bowl readability; key cue: cob with kernel rows.,needs_final_art,official section scene only,kCatalogEntryBitmaps[9],"16 uint16_t rows, high bit is leftmost pixel","catalog row must remain recognizable at native 16x16, at x2 proof scale, and when placed in the compact 64x64 main scene; it must not depend on text labels, anti-aliased grayscale, or runtime image files.",source-backed substitute with official section scene reference,Replace only this 16x16 C++ row in EchoPetCatalogVisuals.cpp or regenerate it with the manifest row id preserved. Do not add runtime PNG/JPG/GIF loading.
CAT-010,10,CORN DOG,food,snack,icon_4,['snack'],food/snack behavior reference,snack silhouette with compact object readability,Draw `CORN DOG` as a 16x16 snack silhouette with compact object readability; key cue: cob with kernel rows; bun/sausage silhouette when paired with HOT or CORN.,needs_final_art,official section scene only,kCatalogEntryBitmaps[10],"16 uint16_t rows, high bit is leftmost pixel","catalog row must remain recognizable at native 16x16, at x2 proof scale, and when placed in the compact 64x64 main scene; it must not depend on text labels, anti-aliased grayscale, or runtime image files.",source-backed substitute with official section scene reference,Replace only this 16x16 C++ row in EchoPetCatalogVisuals.cpp or regenerate it with the manifest row id preserved. Do not add runtime PNG/JPG/GIF loading.
CAT-011,11,CUPCAKE,food,snack,icon_6,['snack'],food/snack behavior reference,snack silhouette with compact object readability,Draw `CUPCAKE` as a 16x16 snack silhouette with compact object readability; key cue: cup plus frosting top.,needs_final_art,official section scene only,kCatalogEntryBitmaps[11],"16 uint16_t rows, high bit is leftmost pixel","catalog row must remain recognizable at native 16x16, at x2 proof scale, and when placed in the compact 64x64 main scene; it must not depend on text labels, anti-aliased grayscale, or runtime image files.",source-backed substitute with official section scene reference,Replace only this 16x16 C++ row in EchoPetCatalogVisuals.cpp or regenerate it with the manifest row id preserved. Do not add runtime PNG/JPG/GIF loading.
CAT-012,12,CURRY,food,meal,icon_1,[],food/snack behavior reference,meal silhouette with plate/bowl readability,Draw `CURRY` as a 16x16 meal silhouette with plate/bowl readability; key cue: plate/bowl with sauce mound.,needs_final_art,official section scene only,kCatalogEntryBitmaps[12],"16 uint16_t rows, high bit is leftmost pixel","catalog row must remain recognizable at native 16x16, at x2 proof scale, and when placed in the compact 64x64 main scene; it must not depend on text labels, anti-aliased grayscale, or runtime image files.",source-backed substitute with official section scene reference,Replace only this 16x16 C++ row in EchoPetCatalogVisuals.cpp or regenerate it with the manifest row id preserved. Do not add runtime PNG/JPG/GIF loading.
CAT-013,13,DONUT,food,snack,icon_6,['snack'],food/snack behavior reference,snack silhouette with compact object readability,Draw `DONUT` as a 16x16 snack silhouette with compact object readability; key cue: ring with center hole.,needs_final_art,official section scene only,kCatalogEntryBitmaps[13],"16 uint16_t rows, high bit is leftmost pixel","catalog row must remain recognizable at native 16x16, at x2 proof scale, and when placed in the compact 64x64 main scene; it must not depend on text labels, anti-aliased grayscale, or runtime image files.",source-backed substitute with official section scene reference,Replace only this 16x16 C++ row in EchoPetCatalogVisuals.cpp or regenerate it with the manifest row id preserved. Do not add runtime PNG/JPG/GIF loading.
CAT-014,14,FRIES,food,snack,icon_4,['snack'],food/snack behavior reference,snack silhouette with compact object readability,Draw `FRIES` as a 16x16 snack silhouette with compact object readability; key cue: fries box with vertical strips.,needs_final_art,official section scene only,kCatalogEntryBitmaps[14],"16 uint16_t rows, high bit is leftmost pixel","catalog row must remain recognizable at native 16x16, at x2 proof scale, and when placed in the compact 64x64 main scene; it must not depend on text labels, anti-aliased grayscale, or runtime image files.",source-backed substitute with official section scene reference,Replace only this 16x16 C++ row in EchoPetCatalogVisuals.cpp or regenerate it with the manifest row id preserved. Do not add runtime PNG/JPG/GIF loading.
CAT-015,15,HAMBURGER,food,meal,icon_1,[],food/snack behavior reference,meal silhouette with plate/bowl readability,Draw `HAMBURGER` as a 16x16 meal silhouette with plate/bowl readability; key cue: stacked bun/patty layers.,needs_final_art,official section scene only,kCatalogEntryBitmaps[15],"16 uint16_t rows, high bit is leftmost pixel","catalog row must remain recognizable at native 16x16, at x2 proof scale, and when placed in the compact 64x64 main scene; it must not depend on text labels, anti-aliased grayscale, or runtime image files.",source-backed substitute with official section scene reference,Replace only this 16x16 C++ row in EchoPetCatalogVisuals.cpp or regenerate it with the manifest row id preserved. Do not add runtime PNG/JPG/GIF loading.
CAT-016,16,HOT DOG,food,meal,icon_1,[],food/snack behavior reference,meal silhouette with plate/bowl readability,Draw `HOT DOG` as a 16x16 meal silhouette with plate/bowl readability; key cue: bun/sausage silhouette when paired with DOG; bun/sausage silhouette when paired with HOT or CORN.,needs_final_art,official section scene only,kCatalogEntryBitmaps[16],"16 uint16_t rows, high bit is leftmost pixel","catalog row must remain recognizable at native 16x16, at x2 proof scale, and when placed in the compact 64x64 main scene; it must not depend on text labels, anti-aliased grayscale, or runtime image files.",source-backed substitute with official section scene reference,Replace only this 16x16 C++ row in EchoPetCatalogVisuals.cpp or regenerate it with the manifest row id preserved. Do not add runtime PNG/JPG/GIF loading.
CAT-017,17,MELON,food,snack,icon_7,['snack'],food/snack behavior reference,snack silhouette with compact object readability,Draw `MELON` as a 16x16 snack silhouette with compact object readability; key cue: round melon with stripe cue.,needs_final_art,official section scene only,kCatalogEntryBitmaps[17],"16 uint16_t rows, high bit is leftmost pixel","catalog row must remain recognizable at native 16x16, at x2 proof scale, and when placed in the compact 64x64 main scene; it must not depend on text labels, anti-aliased grayscale, or runtime image files.",source-backed substitute with official section scene reference,Replace only this 16x16 C++ row in EchoPetCatalogVisuals.cpp or regenerate it with the manifest row id preserved. Do not add runtime PNG/JPG/GIF loading.
CAT-018,18,NOODLE,food,meal,icon_2,[],food/snack behavior reference,meal silhouette with plate/bowl readability,Draw `NOODLE` as a 16x16 meal silhouette with plate/bowl readability; key cue: bowl with noodle line cue.,needs_final_art,official section scene only,kCatalogEntryBitmaps[18],"16 uint16_t rows, high bit is leftmost pixel","catalog row must remain recognizable at native 16x16, at x2 proof scale, and when placed in the compact 64x64 main scene; it must not depend on text labels, anti-aliased grayscale, or runtime image files.",source-backed substitute with official section scene reference,Replace only this 16x16 C++ row in EchoPetCatalogVisuals.cpp or regenerate it with the manifest row id preserved. Do not add runtime PNG/JPG/GIF loading.
CAT-019,19,OMELET,food,meal,icon_3,[],food/snack behavior reference,meal silhouette with plate/bowl readability,Draw `OMELET` as a 16x16 meal silhouette with plate/bowl readability; key cue: oval plate/egg cue.,needs_final_art,official section scene only,kCatalogEntryBitmaps[19],"16 uint16_t rows, high bit is leftmost pixel","catalog row must remain recognizable at native 16x16, at x2 proof scale, and when placed in the compact 64x64 main scene; it must not depend on text labels, anti-aliased grayscale, or runtime image files.",source-backed substitute with official section scene reference,Replace only this 16x16 C++ row in EchoPetCatalogVisuals.cpp or regenerate it with the manifest row id preserved. Do not add runtime PNG/JPG/GIF loading.
CAT-020,20,PASTA,food,meal,icon_2,[],food/snack behavior reference,meal silhouette with plate/bowl readability,Draw `PASTA` as a 16x16 meal silhouette with plate/bowl readability; key cue: plate with fork/noodle line cue.,needs_final_art,official section scene only,kCatalogEntryBitmaps[20],"16 uint16_t rows, high bit is leftmost pixel","catalog row must remain recognizable at native 16x16, at x2 proof scale, and when placed in the compact 64x64 main scene; it must not depend on text labels, anti-aliased grayscale, or runtime image files.",source-backed substitute with official section scene reference,Replace only this 16x16 C++ row in EchoPetCatalogVisuals.cpp or regenerate it with the manifest row id preserved. Do not add runtime PNG/JPG/GIF loading.
CAT-021,21,PEAR,food,snack,icon_7,['snack'],food/snack behavior reference,snack silhouette with compact object readability,Draw `PEAR` as a 16x16 snack silhouette with compact object readability; key cue: pear body with small stem.,needs_final_art,official section scene only,kCatalogEntryBitmaps[21],"16 uint16_t rows, high bit is leftmost pixel","catalog row must remain recognizable at native 16x16, at x2 proof scale, and when placed in the compact 64x64 main scene; it must not depend on text labels, anti-aliased grayscale, or runtime image files.",source-backed substitute with official section scene reference,Replace only this 16x16 C++ row in EchoPetCatalogVisuals.cpp or regenerate it with the manifest row id preserved. Do not add runtime PNG/JPG/GIF loading.
CAT-022,22,PINEAPPLE,food,snack,icon_7,['snack'],food/snack behavior reference,snack silhouette with compact object readability,Draw `PINEAPPLE` as a 16x16 snack silhouette with compact object readability; key cue: pineapple body with crown.,needs_final_art,official section scene only,kCatalogEntryBitmaps[22],"16 uint16_t rows, high bit is leftmost pixel","catalog row must remain recognizable at native 16x16, at x2 proof scale, and when placed in the compact 64x64 main scene; it must not depend on text labels, anti-aliased grayscale, or runtime image files.",source-backed substitute with official section scene reference,Replace only this 16x16 C++ row in EchoPetCatalogVisuals.cpp or regenerate it with the manifest row id preserved. Do not add runtime PNG/JPG/GIF loading.
CAT-023,23,ROLL CAKE,food,snack,icon_6,['snack'],food/snack behavior reference,snack silhouette with compact object readability,Draw `ROLL CAKE` as a 16x16 snack silhouette with compact object readability; key cue: rolled cake spiral cue.,needs_final_art,official section scene only,kCatalogEntryBitmaps[23],"16 uint16_t rows, high bit is leftmost pixel","catalog row must remain recognizable at native 16x16, at x2 proof scale, and when placed in the compact 64x64 main scene; it must not depend on text labels, anti-aliased grayscale, or runtime image files.",source-backed substitute with official section scene reference,Replace only this 16x16 C++ row in EchoPetCatalogVisuals.cpp or regenerate it with the manifest row id preserved. Do not add runtime PNG/JPG/GIF loading.
CAT-024,24,ICE CREAM,food,snack,icon_5,['snack'],food/snack behavior reference,snack silhouette with compact object readability,Draw `ICE CREAM` as a 16x16 snack silhouette with compact object readability matching its gameplay/use semantic.,needs_final_art,official section scene only,kCatalogEntryBitmaps[24],"16 uint16_t rows, high bit is leftmost pixel","catalog row must remain recognizable at native 16x16, at x2 proof scale, and when placed in the compact 64x64 main scene; it must not depend on text labels, anti-aliased grayscale, or runtime image files.",source-backed substitute with official section scene reference,Replace only this 16x16 C++ row in EchoPetCatalogVisuals.cpp or regenerate it with the manifest row id preserved. Do not add runtime PNG/JPG/GIF loading.
CAT-025,25,SODA,food,snack,icon_5,['snack'],food/snack behavior reference,snack silhouette with compact object readability,Draw `SODA` as a 16x16 snack silhouette with compact object readability matching its gameplay/use semantic.,needs_final_art,official section scene only,kCatalogEntryBitmaps[25],"16 uint16_t rows, high bit is leftmost pixel","catalog row must remain recognizable at native 16x16, at x2 proof scale, and when placed in the compact 64x64 main scene; it must not depend on text labels, anti-aliased grayscale, or runtime image files.",source-backed substitute with official section scene reference,Replace only this 16x16 C++ row in EchoPetCatalogVisuals.cpp or regenerate it with the manifest row id preserved. Do not add runtime PNG/JPG/GIF loading.
CAT-026,26,WAFFLE,food,snack,icon_6,['snack'],food/snack behavior reference,snack silhouette with compact object readability,Draw `WAFFLE` as a 16x16 snack silhouette with compact object readability matching its gameplay/use semantic.,needs_final_art,official section scene only,kCatalogEntryBitmaps[26],"16 uint16_t rows, high bit is leftmost pixel","catalog row must remain recognizable at native 16x16, at x2 proof scale, and when placed in the compact 64x64 main scene; it must not depend on text labels, anti-aliased grayscale, or runtime image files.",source-backed substitute with official section scene reference,Replace only this 16x16 C++ row in EchoPetCatalogVisuals.cpp or regenerate it with the manifest row id preserved. Do not add runtime PNG/JPG/GIF loading.
CAT-027,27,SUNDAE,food,snack,icon_5,['snack'],food/snack behavior reference,snack silhouette with compact object readability,Draw `SUNDAE` as a 16x16 snack silhouette with compact object readability matching its gameplay/use semantic.,needs_final_art,official section scene only,kCatalogEntryBitmaps[27],"16 uint16_t rows, high bit is leftmost pixel","catalog row must remain recognizable at native 16x16, at x2 proof scale, and when placed in the compact 64x64 main scene; it must not depend on text labels, anti-aliased grayscale, or runtime image files.",source-backed substitute with official section scene reference,Replace only this 16x16 C++ row in EchoPetCatalogVisuals.cpp or regenerate it with the manifest row id preserved. Do not add runtime PNG/JPG/GIF loading.
CAT-028,28,SHAVED ICE,food,snack,icon_5,['snack'],food/snack behavior reference,snack silhouette with compact object readability,Draw `SHAVED ICE` as a 16x16 snack silhouette with compact object readability matching its gameplay/use semantic.,needs_final_art,official section scene only,kCatalogEntryBitmaps[28],"16 uint16_t rows, high bit is leftmost pixel","catalog row must remain recognizable at native 16x16, at x2 proof scale, and when placed in the compact 64x64 main scene; it must not depend on text labels, anti-aliased grayscale, or runtime image files.",source-backed substitute with official section scene reference,Replace only this 16x16 C++ row in EchoPetCatalogVisuals.cpp or regenerate it with the manifest row id preserved. Do not add runtime PNG/JPG/GIF loading.
CAT-029,29,PIZZA,food,meal,icon_1,[],food/snack behavior reference,meal silhouette with plate/bowl readability,Draw `PIZZA` as a 16x16 meal silhouette with plate/bowl readability matching its gameplay/use semantic.,needs_final_art,official section scene only,kCatalogEntryBitmaps[29],"16 uint16_t rows, high bit is leftmost pixel","catalog row must remain recognizable at native 16x16, at x2 proof scale, and when placed in the compact 64x64 main scene; it must not depend on text labels, anti-aliased grayscale, or runtime image files.",source-backed substitute with official section scene reference,Replace only this 16x16 C++ row in EchoPetCatalogVisuals.cpp or regenerate it with the manifest row id preserved. Do not add runtime PNG/JPG/GIF loading.
CAT-030,30,SWEET POTATO,food,snack,icon_0,['snack'],food/snack behavior reference,snack silhouette with compact object readability,Draw `SWEET POTATO` as a 16x16 snack silhouette with compact object readability matching its gameplay/use semantic.,needs_final_art,official section scene only,kCatalogEntryBitmaps[30],"16 uint16_t rows, high bit is leftmost pixel","catalog row must remain recognizable at native 16x16, at x2 proof scale, and when placed in the compact 64x64 main scene; it must not depend on text labels, anti-aliased grayscale, or runtime image files.",source-backed substitute with official section scene reference,Replace only this 16x16 C++ row in EchoPetCatalogVisuals.cpp or regenerate it with the manifest row id preserved. Do not add runtime PNG/JPG/GIF loading.
CAT-031,31,MILK,food,meal,icon_3,[],food/snack behavior reference,meal silhouette with plate/bowl readability,Draw `MILK` as a 16x16 meal silhouette with plate/bowl readability matching its gameplay/use semantic.,needs_final_art,official section scene only,kCatalogEntryBitmaps[31],"16 uint16_t rows, high bit is leftmost pixel","catalog row must remain recognizable at native 16x16, at x2 proof scale, and when placed in the compact 64x64 main scene; it must not depend on text labels, anti-aliased grayscale, or runtime image files.",source-backed substitute with official section scene reference,Replace only this 16x16 C++ row in EchoPetCatalogVisuals.cpp or regenerate it with the manifest row id preserved. Do not add runtime PNG/JPG/GIF loading.
CAT-032,32,JUICE,food,snack,icon_5,['snack'],food/snack behavior reference,snack silhouette with compact object readability,Draw `JUICE` as a 16x16 snack silhouette with compact object readability matching its gameplay/use semantic.,needs_final_art,official section scene only,kCatalogEntryBitmaps[32],"16 uint16_t rows, high bit is leftmost pixel","catalog row must remain recognizable at native 16x16, at x2 proof scale, and when placed in the compact 64x64 main scene; it must not depend on text labels, anti-aliased grayscale, or runtime image files.",source-backed substitute with official section scene reference,Replace only this 16x16 C++ row in EchoPetCatalogVisuals.cpp or regenerate it with the manifest row id preserved. Do not add runtime PNG/JPG/GIF loading.
CAT-033,33,GRAPES,food,snack,icon_7,['snack'],food/snack behavior reference,snack silhouette with compact object readability,Draw `GRAPES` as a 16x16 snack silhouette with compact object readability matching its gameplay/use semantic.,needs_final_art,official section scene only,kCatalogEntryBitmaps[33],"16 uint16_t rows, high bit is leftmost pixel","catalog row must remain recognizable at native 16x16, at x2 proof scale, and when placed in the compact 64x64 main scene; it must not depend on text labels, anti-aliased grayscale, or runtime image files.",source-backed substitute with official section scene reference,Replace only this 16x16 C++ row in EchoPetCatalogVisuals.cpp or regenerate it with the manifest row id preserved. Do not add runtime PNG/JPG/GIF loading.
CAT-034,34,CANDY,food,snack,icon_5,['snack'],food/snack behavior reference,snack silhouette with compact object readability,Draw `CANDY` as a 16x16 snack silhouette with compact object readability matching its gameplay/use semantic.,needs_final_art,official section scene only,kCatalogEntryBitmaps[34],"16 uint16_t rows, high bit is leftmost pixel","catalog row must remain recognizable at native 16x16, at x2 proof scale, and when placed in the compact 64x64 main scene; it must not depend on text labels, anti-aliased grayscale, or runtime image files.",source-backed substitute with official section scene reference,Replace only this 16x16 C++ row in EchoPetCatalogVisuals.cpp or regenerate it with the manifest row id preserved. Do not add runtime PNG/JPG/GIF loading.
CAT-035,35,POPCORN,food,snack,icon_4,['snack'],food/snack behavior reference,snack silhouette with compact object readability,Draw `POPCORN` as a 16x16 snack silhouette with compact object readability matching its gameplay/use semantic.,needs_final_art,official section scene only,kCatalogEntryBitmaps[35],"16 uint16_t rows, high bit is leftmost pixel","catalog row must remain recognizable at native 16x16, at x2 proof scale, and when placed in the compact 64x64 main scene; it must not depend on text labels, anti-aliased grayscale, or runtime image files.",source-backed substitute with official section scene reference,Replace only this 16x16 C++ row in EchoPetCatalogVisuals.cpp or regenerate it with the manifest row id preserved. Do not add runtime PNG/JPG/GIF loading.
CAT-036,36,GUM,food,snack,icon_5,['snack'],food/snack behavior reference,snack silhouette with compact object readability,Draw `GUM` as a 16x16 snack silhouette with compact object readability matching its gameplay/use semantic.,needs_final_art,official section scene only,kCatalogEntryBitmaps[36],"16 uint16_t rows, high bit is leftmost pixel","catalog row must remain recognizable at native 16x16, at x2 proof scale, and when placed in the compact 64x64 main scene; it must not depend on text labels, anti-aliased grayscale, or runtime image files.",source-backed substitute with official section scene reference,Replace only this 16x16 C++ row in EchoPetCatalogVisuals.cpp or regenerate it with the manifest row id preserved. Do not add runtime PNG/JPG/GIF loading.
CAT-037,37,DANGO,food,snack,icon_6,['snack'],food/snack behavior reference,snack silhouette with compact object readability,Draw `DANGO` as a 16x16 snack silhouette with compact object readability matching its gameplay/use semantic.,needs_final_art,official section scene only,kCatalogEntryBitmaps[37],"16 uint16_t rows, high bit is leftmost pixel","catalog row must remain recognizable at native 16x16, at x2 proof scale, and when placed in the compact 64x64 main scene; it must not depend on text labels, anti-aliased grayscale, or runtime image files.",source-backed substitute with official section scene reference,Replace only this 16x16 C++ row in EchoPetCatalogVisuals.cpp or regenerate it with the manifest row id preserved. Do not add runtime PNG/JPG/GIF loading.
CAT-038,38,CREAM PUFF,food,snack,icon_6,['snack'],food/snack behavior reference,snack silhouette with compact object readability,Draw `CREAM PUFF` as a 16x16 snack silhouette with compact object readability matching its gameplay/use semantic.,needs_final_art,official section scene only,kCatalogEntryBitmaps[38],"16 uint16_t rows, high bit is leftmost pixel","catalog row must remain recognizable at native 16x16, at x2 proof scale, and when placed in the compact 64x64 main scene; it must not depend on text labels, anti-aliased grayscale, or runtime image files.",source-backed substitute with official section scene reference,Replace only this 16x16 C++ row in EchoPetCatalogVisuals.cpp or regenerate it with the manifest row id preserved. Do not add runtime PNG/JPG/GIF loading.
CAT-039,39,ENERGY DRINK,food,snack,icon_5,['snack'],food/snack behavior reference,snack silhouette with compact object readability,Draw `ENERGY DRINK` as a 16x16 snack silhouette with compact object readability; key cue: bottle/can cue.,needs_final_art,official section scene only,kCatalogEntryBitmaps[39],"16 uint16_t rows, high bit is leftmost pixel","catalog row must remain recognizable at native 16x16, at x2 proof scale, and when placed in the compact 64x64 main scene; it must not depend on text labels, anti-aliased grayscale, or runtime image files.",source-backed substitute with official section scene reference,Replace only this 16x16 C++ row in EchoPetCatalogVisuals.cpp or regenerate it with the manifest row id preserved. Do not add runtime PNG/JPG/GIF loading.
CAT-040,40,SAUSAGE,food,meal,icon_1,[],food/snack behavior reference,meal silhouette with plate/bowl readability,Draw `SAUSAGE` as a 16x16 meal silhouette with plate/bowl readability matching its gameplay/use semantic.,needs_final_art,official section scene only,kCatalogEntryBitmaps[40],"16 uint16_t rows, high bit is leftmost pixel","catalog row must remain recognizable at native 16x16, at x2 proof scale, and when placed in the compact 64x64 main scene; it must not depend on text labels, anti-aliased grayscale, or runtime image files.",source-backed substitute with official section scene reference,Replace only this 16x16 C++ row in EchoPetCatalogVisuals.cpp or regenerate it with the manifest row id preserved. Do not add runtime PNG/JPG/GIF loading.
CAT-041,41,SAUSAGE,food,meal,icon_1,[],food/snack behavior reference,meal silhouette with plate/bowl readability,Draw `SAUSAGE` as a 16x16 meal silhouette with plate/bowl readability matching its gameplay/use semantic.,needs_final_art,official section scene only,kCatalogEntryBitmaps[41],"16 uint16_t rows, high bit is leftmost pixel","catalog row must remain recognizable at native 16x16, at x2 proof scale, and when placed in the compact 64x64 main scene; it must not depend on text labels, anti-aliased grayscale, or runtime image files.",source-backed substitute with official section scene reference,Replace only this 16x16 C++ row in EchoPetCatalogVisuals.cpp or regenerate it with the manifest row id preserved. Do not add runtime PNG/JPG/GIF loading.
CAT-042,42,CHIKUWA,food,meal,icon_1,[],food/snack behavior reference,meal silhouette with plate/bowl readability,Draw `CHIKUWA` as a 16x16 meal silhouette with plate/bowl readability matching its gameplay/use semantic.,needs_final_art,official section scene only,kCatalogEntryBitmaps[42],"16 uint16_t rows, high bit is leftmost pixel","catalog row must remain recognizable at native 16x16, at x2 proof scale, and when placed in the compact 64x64 main scene; it must not depend on text labels, anti-aliased grayscale, or runtime image files.",source-backed substitute with official section scene reference,Replace only this 16x16 C++ row in EchoPetCatalogVisuals.cpp or regenerate it with the manifest row id preserved. Do not add runtime PNG/JPG/GIF loading.
CAT-043,43,ESCARGOT,food,meal,icon_1,[],food/snack behavior reference,meal silhouette with plate/bowl readability,Draw `ESCARGOT` as a 16x16 meal silhouette with plate/bowl readability matching its gameplay/use semantic.,needs_final_art,official section scene only,kCatalogEntryBitmaps[43],"16 uint16_t rows, high bit is leftmost pixel","catalog row must remain recognizable at native 16x16, at x2 proof scale, and when placed in the compact 64x64 main scene; it must not depend on text labels, anti-aliased grayscale, or runtime image files.",source-backed substitute with official section scene reference,Replace only this 16x16 C++ row in EchoPetCatalogVisuals.cpp or regenerate it with the manifest row id preserved. Do not add runtime PNG/JPG/GIF loading.
CAT-044,44,MARRON CAKE,food,snack,icon_6,['snack'],food/snack behavior reference,snack silhouette with compact object readability,Draw `MARRON CAKE` as a 16x16 snack silhouette with compact object readability matching its gameplay/use semantic.,needs_final_art,official section scene only,kCatalogEntryBitmaps[44],"16 uint16_t rows, high bit is leftmost pixel","catalog row must remain recognizable at native 16x16, at x2 proof scale, and when placed in the compact 64x64 main scene; it must not depend on text labels, anti-aliased grayscale, or runtime image files.",source-backed substitute with official section scene reference,Replace only this 16x16 C++ row in EchoPetCatalogVisuals.cpp or regenerate it with the manifest row id preserved. Do not add runtime PNG/JPG/GIF loading.
CAT-045,45,RICE BALL,food,meal,icon_0,[],food/snack behavior reference,meal silhouette with plate/bowl readability,Draw `RICE BALL` as a 16x16 meal silhouette with plate/bowl readability; key cue: round ball cue.,needs_final_art,official section scene only,kCatalogEntryBitmaps[45],"16 uint16_t rows, high bit is leftmost pixel","catalog row must remain recognizable at native 16x16, at x2 proof scale, and when placed in the compact 64x64 main scene; it must not depend on text labels, anti-aliased grayscale, or runtime image files.",source-backed substitute with official section scene reference,Replace only this 16x16 C++ row in EchoPetCatalogVisuals.cpp or regenerate it with the manifest row id preserved. Do not add runtime PNG/JPG/GIF loading.
CAT-046,46,SANDWICH,food,meal,icon_2,[],food/snack behavior reference,meal silhouette with plate/bowl readability,Draw `SANDWICH` as a 16x16 meal silhouette with plate/bowl readability; key cue: triangular sandwich cue.,needs_final_art,official section scene only,kCatalogEntryBitmaps[46],"16 uint16_t rows, high bit is leftmost pixel","catalog row must remain recognizable at native 16x16, at x2 proof scale, and when placed in the compact 64x64 main scene; it must not depend on text labels, anti-aliased grayscale, or runtime image files.",source-backed substitute with official section scene reference,Replace only this 16x16 C++ row in EchoPetCatalogVisuals.cpp or regenerate it with the manifest row id preserved. Do not add runtime PNG/JPG/GIF loading.
CAT-047,47,TACO,food,meal,icon_1,[],food/snack behavior reference,meal silhouette with plate/bowl readability,Draw `TACO` as a 16x16 meal silhouette with plate/bowl readability; key cue: folded shell cue.,needs_final_art,official section scene only,kCatalogEntryBitmaps[47],"16 uint16_t rows, high bit is leftmost pixel","catalog row must remain recognizable at native 16x16, at x2 proof scale, and when placed in the compact 64x64 main scene; it must not depend on text labels, anti-aliased grayscale, or runtime image files.",source-backed substitute with official section scene reference,Replace only this 16x16 C++ row in EchoPetCatalogVisuals.cpp or regenerate it with the manifest row id preserved. Do not add runtime PNG/JPG/GIF loading.
CAT-048,48,PENCIL,item,study,Pencil,['adult_only'],PENCIL,diagonal pencil silhouette,Draw `PENCIL` as a 16x16 diagonal pencil silhouette; key cue: diagonal pencil cue.,accepted_reference,official_source_override,kCatalogEntryBitmaps[48],"16 uint16_t rows, high bit is leftmost pixel","catalog row must remain recognizable at native 16x16, at x2 proof scale, and when placed in the compact 64x64 main scene; it must not depend on text labels, anti-aliased grayscale, or runtime image files.",PENCIL,Replace only this 16x16 C++ row in EchoPetCatalogVisuals.cpp or regenerate it with the manifest row id preserved. Do not add runtime PNG/JPG/GIF loading.
CAT-049,49,PLANT,item,play,Plant,[],item/shop behavior reference,plant/pot silhouette,Draw `PLANT` as a 16x16 plant/pot silhouette; key cue: sprout/pot cue.,needs_final_art,official section scene only,kCatalogEntryBitmaps[49],"16 uint16_t rows, high bit is leftmost pixel","catalog row must remain recognizable at native 16x16, at x2 proof scale, and when placed in the compact 64x64 main scene; it must not depend on text labels, anti-aliased grayscale, or runtime image files.",source-backed substitute with official section scene reference,Replace only this 16x16 C++ row in EchoPetCatalogVisuals.cpp or regenerate it with the manifest row id preserved. Do not add runtime PNG/JPG/GIF loading.
CAT-050,50,UMBRELLA,item,play,Umbrella,"['adult_only', 'reusable']",item/shop behavior reference,item silhouette,Draw `UMBRELLA` as a 16x16 item silhouette matching its gameplay/use semantic.,needs_final_art,official section scene only,kCatalogEntryBitmaps[50],"16 uint16_t rows, high bit is leftmost pixel","catalog row must remain recognizable at native 16x16, at x2 proof scale, and when placed in the compact 64x64 main scene; it must not depend on text labels, anti-aliased grayscale, or runtime image files.",source-backed substitute with official section scene reference,Replace only this 16x16 C++ row in EchoPetCatalogVisuals.cpp or regenerate it with the manifest row id preserved. Do not add runtime PNG/JPG/GIF loading.
CAT-051,51,SUNGLASSES,item,play,Glasses,"['adult_only', 'reusable']",item/shop behavior reference,glasses silhouette,Draw `SUNGLASSES` as a 16x16 glasses silhouette matching its gameplay/use semantic.,needs_final_art,official section scene only,kCatalogEntryBitmaps[51],"16 uint16_t rows, high bit is leftmost pixel","catalog row must remain recognizable at native 16x16, at x2 proof scale, and when placed in the compact 64x64 main scene; it must not depend on text labels, anti-aliased grayscale, or runtime image files.",source-backed substitute with official section scene reference,Replace only this 16x16 C++ row in EchoPetCatalogVisuals.cpp or regenerate it with the manifest row id preserved. Do not add runtime PNG/JPG/GIF loading.
CAT-052,52,BOW,item,play,Bow,"['adult_only', 'reusable']",item/shop behavior reference,item silhouette,Draw `BOW` as a 16x16 item silhouette matching its gameplay/use semantic.,needs_final_art,official section scene only,kCatalogEntryBitmaps[52],"16 uint16_t rows, high bit is leftmost pixel","catalog row must remain recognizable at native 16x16, at x2 proof scale, and when placed in the compact 64x64 main scene; it must not depend on text labels, anti-aliased grayscale, or runtime image files.",source-backed substitute with official section scene reference,Replace only this 16x16 C++ row in EchoPetCatalogVisuals.cpp or regenerate it with the manifest row id preserved. Do not add runtime PNG/JPG/GIF loading.
CAT-053,53,DRUM,item,music,Drum,"['adult_only', 'reusable']",item/shop behavior reference,item silhouette,Draw `DRUM` as a 16x16 item silhouette matching its gameplay/use semantic.,needs_final_art,official section scene only,kCatalogEntryBitmaps[53],"16 uint16_t rows, high bit is leftmost pixel","catalog row must remain recognizable at native 16x16, at x2 proof scale, and when placed in the compact 64x64 main scene; it must not depend on text labels, anti-aliased grayscale, or runtime image files.",source-backed substitute with official section scene reference,Replace only this 16x16 C++ row in EchoPetCatalogVisuals.cpp or regenerate it with the manifest row id preserved. Do not add runtime PNG/JPG/GIF loading.
CAT-054,54,SHOVEL,item,play,Shovel,[],SHOVEL,shovel silhouette,Draw `SHOVEL` as a 16x16 shovel silhouette; key cue: shovel cue.,accepted_reference,official_source_override,kCatalogEntryBitmaps[54],"16 uint16_t rows, high bit is leftmost pixel","catalog row must remain recognizable at native 16x16, at x2 proof scale, and when placed in the compact 64x64 main scene; it must not depend on text labels, anti-aliased grayscale, or runtime image files.",SHOVEL,Replace only this 16x16 C++ row in EchoPetCatalogVisuals.cpp or regenerate it with the manifest row id preserved. Do not add runtime PNG/JPG/GIF loading.
CAT-055,55,ROLLER BLADES,item,play,Skates,"['adult_only', 'reusable']",item/shop behavior reference,item silhouette,Draw `ROLLER BLADES` as a 16x16 item silhouette matching its gameplay/use semantic.,needs_final_art,official section scene only,kCatalogEntryBitmaps[55],"16 uint16_t rows, high bit is leftmost pixel","catalog row must remain recognizable at native 16x16, at x2 proof scale, and when placed in the compact 64x64 main scene; it must not depend on text labels, anti-aliased grayscale, or runtime image files.",source-backed substitute with official section scene reference,Replace only this 16x16 C++ row in EchoPetCatalogVisuals.cpp or regenerate it with the manifest row id preserved. Do not add runtime PNG/JPG/GIF loading.
CAT-056,56,BALLOON,item,play,Balloon,"['reusable', 'child_plus']",BALLOON,balloon silhouette,Draw `BALLOON` as a 16x16 balloon silhouette; key cue: balloon plus string cue.,accepted_reference,official_source_override,kCatalogEntryBitmaps[56],"16 uint16_t rows, high bit is leftmost pixel","catalog row must remain recognizable at native 16x16, at x2 proof scale, and when placed in the compact 64x64 main scene; it must not depend on text labels, anti-aliased grayscale, or runtime image files.",BALLOON,Replace only this 16x16 C++ row in EchoPetCatalogVisuals.cpp or regenerate it with the manifest row id preserved. Do not add runtime PNG/JPG/GIF loading.
CAT-057,57,BOW TIE,item,play,BowTie,"['adult_only', 'reusable']",item/shop behavior reference,item silhouette,Draw `BOW TIE` as a 16x16 item silhouette matching its gameplay/use semantic.,needs_final_art,official section scene only,kCatalogEntryBitmaps[57],"16 uint16_t rows, high bit is leftmost pixel","catalog row must remain recognizable at native 16x16, at x2 proof scale, and when placed in the compact 64x64 main scene; it must not depend on text labels, anti-aliased grayscale, or runtime image files.",source-backed substitute with official section scene reference,Replace only this 16x16 C++ row in EchoPetCatalogVisuals.cpp or regenerate it with the manifest row id preserved. Do not add runtime PNG/JPG/GIF loading.
CAT-058,58,CAP,item,play,Cap,"['adult_only', 'reusable']",CAP,item silhouette,Draw `CAP` as a 16x16 item silhouette matching its gameplay/use semantic.,accepted_reference,official_source_override,kCatalogEntryBitmaps[58],"16 uint16_t rows, high bit is leftmost pixel","catalog row must remain recognizable at native 16x16, at x2 proof scale, and when placed in the compact 64x64 main scene; it must not depend on text labels, anti-aliased grayscale, or runtime image files.",CAP,Replace only this 16x16 C++ row in EchoPetCatalogVisuals.cpp or regenerate it with the manifest row id preserved. Do not add runtime PNG/JPG/GIF loading.
CAT-059,59,MUSIC,item,music,icon_6,"['adult_only', 'reusable']",item/shop behavior reference,item silhouette,Draw `MUSIC` as a 16x16 item silhouette matching its gameplay/use semantic.,needs_final_art,official section scene only,kCatalogEntryBitmaps[59],"16 uint16_t rows, high bit is leftmost pixel","catalog row must remain recognizable at native 16x16, at x2 proof scale, and when placed in the compact 64x64 main scene; it must not depend on text labels, anti-aliased grayscale, or runtime image files.",source-backed substitute with official section scene reference,Replace only this 16x16 C++ row in EchoPetCatalogVisuals.cpp or regenerate it with the manifest row id preserved. Do not add runtime PNG/JPG/GIF loading.
CAT-060,60,BALL,item,play,icon_3,['reusable'],BALL,item silhouette,Draw `BALL` as a 16x16 item silhouette; key cue: round ball cue.,accepted_reference,official_source_override,kCatalogEntryBitmaps[60],"16 uint16_t rows, high bit is leftmost pixel","catalog row must remain recognizable at native 16x16, at x2 proof scale, and when placed in the compact 64x64 main scene; it must not depend on text labels, anti-aliased grayscale, or runtime image files.",BALL,Replace only this 16x16 C++ row in EchoPetCatalogVisuals.cpp or regenerate it with the manifest row id preserved. Do not add runtime PNG/JPG/GIF loading.
CAT-061,61,TICKET 2,item,travel,icon_7,"['travel', 'adult_only']",item/shop behavior reference,item silhouette,Draw `TICKET 2` as a 16x16 item silhouette; key cue: ticket rectangle cue.,needs_final_art,official section scene only,kCatalogEntryBitmaps[61],"16 uint16_t rows, high bit is leftmost pixel","catalog row must remain recognizable at native 16x16, at x2 proof scale, and when placed in the compact 64x64 main scene; it must not depend on text labels, anti-aliased grayscale, or runtime image files.",source-backed substitute with official section scene reference,Replace only this 16x16 C++ row in EchoPetCatalogVisuals.cpp or regenerate it with the manifest row id preserved. Do not add runtime PNG/JPG/GIF loading.
CAT-062,62,ACTION FIG,item,play,Character,['reusable'],item/shop behavior reference,item silhouette,Draw `ACTION FIG` as a 16x16 item silhouette; key cue: small figure/person cue.,needs_final_art,official section scene only,kCatalogEntryBitmaps[62],"16 uint16_t rows, high bit is leftmost pixel","catalog row must remain recognizable at native 16x16, at x2 proof scale, and when placed in the compact 64x64 main scene; it must not depend on text labels, anti-aliased grayscale, or runtime image files.",source-backed substitute with official section scene reference,Replace only this 16x16 C++ row in EchoPetCatalogVisuals.cpp or regenerate it with the manifest row id preserved. Do not add runtime PNG/JPG/GIF loading.
CAT-063,63,BALLOON,item,play,Balloon,"['reusable', 'child_plus']",BALLOON,balloon silhouette,Draw `BALLOON` as a 16x16 balloon silhouette; key cue: balloon plus string cue.,accepted_reference,official_source_override,kCatalogEntryBitmaps[63],"16 uint16_t rows, high bit is leftmost pixel","catalog row must remain recognizable at native 16x16, at x2 proof scale, and when placed in the compact 64x64 main scene; it must not depend on text labels, anti-aliased grayscale, or runtime image files.",BALLOON,Replace only this 16x16 C++ row in EchoPetCatalogVisuals.cpp or regenerate it with the manifest row id preserved. Do not add runtime PNG/JPG/GIF loading.
CAT-064,64,BLDG BLOCK,item,play,icon_4,"['reusable', 'teen_plus']",item/shop behavior reference,item silhouette,Draw `BLDG BLOCK` as a 16x16 item silhouette; key cue: stacked block cue.,needs_final_art,official section scene only,kCatalogEntryBitmaps[64],"16 uint16_t rows, high bit is leftmost pixel","catalog row must remain recognizable at native 16x16, at x2 proof scale, and when placed in the compact 64x64 main scene; it must not depend on text labels, anti-aliased grayscale, or runtime image files.",source-backed substitute with official section scene reference,Replace only this 16x16 C++ row in EchoPetCatalogVisuals.cpp or regenerate it with the manifest row id preserved. Do not add runtime PNG/JPG/GIF loading.
CAT-065,65,BOOM BOX,item,music,icon_6,['reusable'],item/shop behavior reference,item silhouette,Draw `BOOM BOX` as a 16x16 item silhouette; key cue: boombox speaker cue; box/gift cue.,needs_final_art,official section scene only,kCatalogEntryBitmaps[65],"16 uint16_t rows, high bit is leftmost pixel","catalog row must remain recognizable at native 16x16, at x2 proof scale, and when placed in the compact 64x64 main scene; it must not depend on text labels, anti-aliased grayscale, or runtime image files.",source-backed substitute with official section scene reference,Replace only this 16x16 C++ row in EchoPetCatalogVisuals.cpp or regenerate it with the manifest row id preserved. Do not add runtime PNG/JPG/GIF loading.
CAT-066,66,CHEST,item,play,Chest,[],item/shop behavior reference,treasure chest silhouette,Draw `CHEST` as a 16x16 treasure chest silhouette; key cue: treasure chest cue.,needs_final_art,official section scene only,kCatalogEntryBitmaps[66],"16 uint16_t rows, high bit is leftmost pixel","catalog row must remain recognizable at native 16x16, at x2 proof scale, and when placed in the compact 64x64 main scene; it must not depend on text labels, anti-aliased grayscale, or runtime image files.",source-backed substitute with official section scene reference,Replace only this 16x16 C++ row in EchoPetCatalogVisuals.cpp or regenerate it with the manifest row id preserved. Do not add runtime PNG/JPG/GIF loading.
CAT-067,67,DARTS,item,play,Darts,['adult_only'],item/shop behavior reference,item silhouette,Draw `DARTS` as a 16x16 item silhouette matching its gameplay/use semantic.,needs_final_art,official section scene only,kCatalogEntryBitmaps[67],"16 uint16_t rows, high bit is leftmost pixel","catalog row must remain recognizable at native 16x16, at x2 proof scale, and when placed in the compact 64x64 main scene; it must not depend on text labels, anti-aliased grayscale, or runtime image files.",source-backed substitute with official section scene reference,Replace only this 16x16 C++ row in EchoPetCatalogVisuals.cpp or regenerate it with the manifest row id preserved. Do not add runtime PNG/JPG/GIF loading.
CAT-068,68,DOLL 1,item,play,icon_0,['reusable'],item/shop behavior reference,item silhouette,Draw `DOLL 1` as a 16x16 item silhouette; key cue: small doll cue.,needs_final_art,official section scene only,kCatalogEntryBitmaps[68],"16 uint16_t rows, high bit is leftmost pixel","catalog row must remain recognizable at native 16x16, at x2 proof scale, and when placed in the compact 64x64 main scene; it must not depend on text labels, anti-aliased grayscale, or runtime image files.",source-backed substitute with official section scene reference,Replace only this 16x16 C++ row in EchoPetCatalogVisuals.cpp or regenerate it with the manifest row id preserved. Do not add runtime PNG/JPG/GIF loading.
CAT-069,69,FISHING POLE,item,play,Pole,[],item/shop behavior reference,item silhouette,Draw `FISHING POLE` as a 16x16 item silhouette; key cue: pole/line cue.,needs_final_art,official section scene only,kCatalogEntryBitmaps[69],"16 uint16_t rows, high bit is leftmost pixel","catalog row must remain recognizable at native 16x16, at x2 proof scale, and when placed in the compact 64x64 main scene; it must not depend on text labels, anti-aliased grayscale, or runtime image files.",source-backed substitute with official section scene reference,Replace only this 16x16 C++ row in EchoPetCatalogVisuals.cpp or regenerate it with the manifest row id preserved. Do not add runtime PNG/JPG/GIF loading.
CAT-070,70,LAMP,item,play,Lamp,['reusable'],item/shop behavior reference,lamp silhouette,Draw `LAMP` as a 16x16 lamp silhouette; key cue: lamp shade/base cue.,needs_final_art,official section scene only,kCatalogEntryBitmaps[70],"16 uint16_t rows, high bit is leftmost pixel","catalog row must remain recognizable at native 16x16, at x2 proof scale, and when placed in the compact 64x64 main scene; it must not depend on text labels, anti-aliased grayscale, or runtime image files.",source-backed substitute with official section scene reference,Replace only this 16x16 C++ row in EchoPetCatalogVisuals.cpp or regenerate it with the manifest row id preserved. Do not add runtime PNG/JPG/GIF loading.
CAT-071,71,MIRROR,item,play,Mirror,"['adult_only', 'reusable']",item/shop behavior reference,item silhouette,Draw `MIRROR` as a 16x16 item silhouette; key cue: mirror cue.,needs_final_art,official section scene only,kCatalogEntryBitmaps[71],"16 uint16_t rows, high bit is leftmost pixel","catalog row must remain recognizable at native 16x16, at x2 proof scale, and when placed in the compact 64x64 main scene; it must not depend on text labels, anti-aliased grayscale, or runtime image files.",source-backed substitute with official section scene reference,Replace only this 16x16 C++ row in EchoPetCatalogVisuals.cpp or regenerate it with the manifest row id preserved. Do not add runtime PNG/JPG/GIF loading.
CAT-072,72,MUSIC DISC,item,music,icon_6,[],item/shop behavior reference,item silhouette,Draw `MUSIC DISC` as a 16x16 item silhouette; key cue: disc/ring cue.,needs_final_art,official section scene only,kCatalogEntryBitmaps[72],"16 uint16_t rows, high bit is leftmost pixel","catalog row must remain recognizable at native 16x16, at x2 proof scale, and when placed in the compact 64x64 main scene; it must not depend on text labels, anti-aliased grayscale, or runtime image files.",source-backed substitute with official section scene reference,Replace only this 16x16 C++ row in EchoPetCatalogVisuals.cpp or regenerate it with the manifest row id preserved. Do not add runtime PNG/JPG/GIF loading.
CAT-073,73,PHONOGRAPH,item,music,Phonograph,['reusable'],item/shop behavior reference,item silhouette,Draw `PHONOGRAPH` as a 16x16 item silhouette matching its gameplay/use semantic.,needs_final_art,official section scene only,kCatalogEntryBitmaps[73],"16 uint16_t rows, high bit is leftmost pixel","catalog row must remain recognizable at native 16x16, at x2 proof scale, and when placed in the compact 64x64 main scene; it must not depend on text labels, anti-aliased grayscale, or runtime image files.",source-backed substitute with official section scene reference,Replace only this 16x16 C++ row in EchoPetCatalogVisuals.cpp or regenerate it with the manifest row id preserved. Do not add runtime PNG/JPG/GIF loading.
CAT-074,74,RC CAR 1,item,play,Car,"['adult_only', 'reusable']",item/shop behavior reference,item silhouette,Draw `RC CAR 1` as a 16x16 item silhouette; key cue: car body and wheel cue.,needs_final_art,official section scene only,kCatalogEntryBitmaps[74],"16 uint16_t rows, high bit is leftmost pixel","catalog row must remain recognizable at native 16x16, at x2 proof scale, and when placed in the compact 64x64 main scene; it must not depend on text labels, anti-aliased grayscale, or runtime image files.",source-backed substitute with official section scene reference,Replace only this 16x16 C++ row in EchoPetCatalogVisuals.cpp or regenerate it with the manifest row id preserved. Do not add runtime PNG/JPG/GIF loading.
CAT-075,75,RC CAR 2,item,play,Car,"['adult_only', 'reusable']",item/shop behavior reference,item silhouette,Draw `RC CAR 2` as a 16x16 item silhouette; key cue: car body and wheel cue.,needs_final_art,official section scene only,kCatalogEntryBitmaps[75],"16 uint16_t rows, high bit is leftmost pixel","catalog row must remain recognizable at native 16x16, at x2 proof scale, and when placed in the compact 64x64 main scene; it must not depend on text labels, anti-aliased grayscale, or runtime image files.",source-backed substitute with official section scene reference,Replace only this 16x16 C++ row in EchoPetCatalogVisuals.cpp or regenerate it with the manifest row id preserved. Do not add runtime PNG/JPG/GIF loading.
CAT-076,76,ROPE,item,play,icon_5,"['reusable', 'teen_plus']",item/shop behavior reference,item silhouette,Draw `ROPE` as a 16x16 item silhouette; key cue: looped rope cue.,needs_final_art,official section scene only,kCatalogEntryBitmaps[76],"16 uint16_t rows, high bit is leftmost pixel","catalog row must remain recognizable at native 16x16, at x2 proof scale, and when placed in the compact 64x64 main scene; it must not depend on text labels, anti-aliased grayscale, or runtime image files.",source-backed substitute with official section scene reference,Replace only this 16x16 C++ row in EchoPetCatalogVisuals.cpp or regenerate it with the manifest row id preserved. Do not add runtime PNG/JPG/GIF loading.
CAT-077,77,SHIRT,item,play,Shirt,"['adult_only', 'reusable']",item/shop behavior reference,item silhouette,Draw `SHIRT` as a 16x16 item silhouette matching its gameplay/use semantic.,needs_final_art,official section scene only,kCatalogEntryBitmaps[77],"16 uint16_t rows, high bit is leftmost pixel","catalog row must remain recognizable at native 16x16, at x2 proof scale, and when placed in the compact 64x64 main scene; it must not depend on text labels, anti-aliased grayscale, or runtime image files.",source-backed substitute with official section scene reference,Replace only this 16x16 C++ row in EchoPetCatalogVisuals.cpp or regenerate it with the manifest row id preserved. Do not add runtime PNG/JPG/GIF loading.
CAT-078,78,SHOES,item,play,Shoes,['adult_only'],item/shop behavior reference,item silhouette,Draw `SHOES` as a 16x16 item silhouette matching its gameplay/use semantic.,needs_final_art,official section scene only,kCatalogEntryBitmaps[78],"16 uint16_t rows, high bit is leftmost pixel","catalog row must remain recognizable at native 16x16, at x2 proof scale, and when placed in the compact 64x64 main scene; it must not depend on text labels, anti-aliased grayscale, or runtime image files.",source-backed substitute with official section scene reference,Replace only this 16x16 C++ row in EchoPetCatalogVisuals.cpp or regenerate it with the manifest row id preserved. Do not add runtime PNG/JPG/GIF loading.
CAT-079,79,THRONE,item,play,Throne,"['adult_only', 'reusable']",item/shop behavior reference,item silhouette,Draw `THRONE` as a 16x16 item silhouette matching its gameplay/use semantic.,needs_final_art,official section scene only,kCatalogEntryBitmaps[79],"16 uint16_t rows, high bit is leftmost pixel","catalog row must remain recognizable at native 16x16, at x2 proof scale, and when placed in the compact 64x64 main scene; it must not depend on text labels, anti-aliased grayscale, or runtime image files.",source-backed substitute with official section scene reference,Replace only this 16x16 C++ row in EchoPetCatalogVisuals.cpp or regenerate it with the manifest row id preserved. Do not add runtime PNG/JPG/GIF loading.
CAT-080,80,TICKET 1,item,travel,icon_7,"['travel', 'adult_only']",item/shop behavior reference,item silhouette,Draw `TICKET 1` as a 16x16 item silhouette; key cue: ticket rectangle cue.,needs_final_art,official section scene only,kCatalogEntryBitmaps[80],"16 uint16_t rows, high bit is leftmost pixel","catalog row must remain recognizable at native 16x16, at x2 proof scale, and when placed in the compact 64x64 main scene; it must not depend on text labels, anti-aliased grayscale, or runtime image files.",source-backed substitute with official section scene reference,Replace only this 16x16 C++ row in EchoPetCatalogVisuals.cpp or regenerate it with the manifest row id preserved. Do not add runtime PNG/JPG/GIF loading.
CAT-081,81,TICKET 3,item,travel,icon_7,"['travel', 'adult_only']",item/shop behavior reference,item silhouette,Draw `TICKET 3` as a 16x16 item silhouette; key cue: ticket rectangle cue.,needs_final_art,official section scene only,kCatalogEntryBitmaps[81],"16 uint16_t rows, high bit is leftmost pixel","catalog row must remain recognizable at native 16x16, at x2 proof scale, and when placed in the compact 64x64 main scene; it must not depend on text labels, anti-aliased grayscale, or runtime image files.",source-backed substitute with official section scene reference,Replace only this 16x16 C++ row in EchoPetCatalogVisuals.cpp or regenerate it with the manifest row id preserved. Do not add runtime PNG/JPG/GIF loading.
CAT-082,82,TICKET 4,item,travel,icon_7,"['travel', 'adult_only']",item/shop behavior reference,item silhouette,Draw `TICKET 4` as a 16x16 item silhouette; key cue: ticket rectangle cue.,needs_final_art,official section scene only,kCatalogEntryBitmaps[82],"16 uint16_t rows, high bit is leftmost pixel","catalog row must remain recognizable at native 16x16, at x2 proof scale, and when placed in the compact 64x64 main scene; it must not depend on text labels, anti-aliased grayscale, or runtime image files.",source-backed substitute with official section scene reference,Replace only this 16x16 C++ row in EchoPetCatalogVisuals.cpp or regenerate it with the manifest row id preserved. Do not add runtime PNG/JPG/GIF loading.
CAT-083,83,TICKET 5,item,travel,icon_7,"['travel', 'adult_only']",item/shop behavior reference,item silhouette,Draw `TICKET 5` as a 16x16 item silhouette; key cue: ticket rectangle cue.,needs_final_art,official section scene only,kCatalogEntryBitmaps[83],"16 uint16_t rows, high bit is leftmost pixel","catalog row must remain recognizable at native 16x16, at x2 proof scale, and when placed in the compact 64x64 main scene; it must not depend on text labels, anti-aliased grayscale, or runtime image files.",source-backed substitute with official section scene reference,Replace only this 16x16 C++ row in EchoPetCatalogVisuals.cpp or regenerate it with the manifest row id preserved. Do not add runtime PNG/JPG/GIF loading.
CAT-084,84,TRUMPET,item,music,icon_6,"['adult_only', 'reusable']",TRUMPET,item silhouette,Draw `TRUMPET` as a 16x16 item silhouette; key cue: trumpet/horn cue.,accepted_reference,official_source_override,kCatalogEntryBitmaps[84],"16 uint16_t rows, high bit is leftmost pixel","catalog row must remain recognizable at native 16x16, at x2 proof scale, and when placed in the compact 64x64 main scene; it must not depend on text labels, anti-aliased grayscale, or runtime image files.",TRUMPET,Replace only this 16x16 C++ row in EchoPetCatalogVisuals.cpp or regenerate it with the manifest row id preserved. Do not add runtime PNG/JPG/GIF loading.
CAT-085,85,TURKEY,food,meal,Tv,[],food/snack behavior reference,TV/screen silhouette,Draw `TURKEY` as a 16x16 TV/screen silhouette; key cue: holiday roast cue.,needs_final_art,official section scene only,kCatalogEntryBitmaps[85],"16 uint16_t rows, high bit is leftmost pixel","catalog row must remain recognizable at native 16x16, at x2 proof scale, and when placed in the compact 64x64 main scene; it must not depend on text labels, anti-aliased grayscale, or runtime image files.",source-backed substitute with official section scene reference,Replace only this 16x16 C++ row in EchoPetCatalogVisuals.cpp or regenerate it with the manifest row id preserved. Do not add runtime PNG/JPG/GIF loading.
CAT-086,86,WHOLE CAKE,food,snack,Weights,['snack'],food/snack behavior reference,barbell/weights silhouette,Draw `WHOLE CAKE` as a 16x16 barbell/weights silhouette matching its gameplay/use semantic.,needs_final_art,official section scene only,kCatalogEntryBitmaps[86],"16 uint16_t rows, high bit is leftmost pixel","catalog row must remain recognizable at native 16x16, at x2 proof scale, and when placed in the compact 64x64 main scene; it must not depend on text labels, anti-aliased grayscale, or runtime image files.",source-backed substitute with official section scene reference,Replace only this 16x16 C++ row in EchoPetCatalogVisuals.cpp or regenerate it with the manifest row id preserved. Do not add runtime PNG/JPG/GIF loading.
CAT-087,87,YOGURT,food,snack,Wig,['snack'],food/snack behavior reference,hair/wig silhouette,Draw `YOGURT` as a 16x16 hair/wig silhouette; key cue: small cup/container cue.,needs_final_art,official section scene only,kCatalogEntryBitmaps[87],"16 uint16_t rows, high bit is leftmost pixel","catalog row must remain recognizable at native 16x16, at x2 proof scale, and when placed in the compact 64x64 main scene; it must not depend on text labels, anti-aliased grayscale, or runtime image files.",source-backed substitute with official section scene reference,Replace only this 16x16 C++ row in EchoPetCatalogVisuals.cpp or regenerate it with the manifest row id preserved. Do not add runtime PNG/JPG/GIF loading.
CAT-088,88,TV,item,study,Tv,"['adult_only', 'reusable']",item/shop behavior reference,TV/screen silhouette,Draw `TV` as a 16x16 TV/screen silhouette; key cue: screen cue.,needs_final_art,official section scene only,kCatalogEntryBitmaps[88],"16 uint16_t rows, high bit is leftmost pixel","catalog row must remain recognizable at native 16x16, at x2 proof scale, and when placed in the compact 64x64 main scene; it must not depend on text labels, anti-aliased grayscale, or runtime image files.",source-backed substitute with official section scene reference,Replace only this 16x16 C++ row in EchoPetCatalogVisuals.cpp or regenerate it with the manifest row id preserved. Do not add runtime PNG/JPG/GIF loading.
CAT-089,89,WEIGHTS,item,play,Weights,"['adult_only', 'reusable']",item/shop behavior reference,barbell/weights silhouette,Draw `WEIGHTS` as a 16x16 barbell/weights silhouette; key cue: barbell cue.,needs_final_art,official section scene only,kCatalogEntryBitmaps[89],"16 uint16_t rows, high bit is leftmost pixel","catalog row must remain recognizable at native 16x16, at x2 proof scale, and when placed in the compact 64x64 main scene; it must not depend on text labels, anti-aliased grayscale, or runtime image files.",source-backed substitute with official section scene reference,Replace only this 16x16 C++ row in EchoPetCatalogVisuals.cpp or regenerate it with the manifest row id preserved. Do not add runtime PNG/JPG/GIF loading.
CAT-090,90,WIG,item,play,Wig,"['adult_only', 'reusable']",item/shop behavior reference,hair/wig silhouette,Draw `WIG` as a 16x16 hair/wig silhouette; key cue: hair cap cue.,needs_final_art,official section scene only,kCatalogEntryBitmaps[90],"16 uint16_t rows, high bit is leftmost pixel","catalog row must remain recognizable at native 16x16, at x2 proof scale, and when placed in the compact 64x64 main scene; it must not depend on text labels, anti-aliased grayscale, or runtime image files.",source-backed substitute with official section scene reference,Replace only this 16x16 C++ row in EchoPetCatalogVisuals.cpp or regenerate it with the manifest row id preserved. Do not add runtime PNG/JPG/GIF loading.
CAT-091,91,WINGS,item,play,Wings,"['adult_only', 'reusable']",item/shop behavior reference,paired wing silhouette,Draw `WINGS` as a 16x16 paired wing silhouette; key cue: paired wings cue.,needs_final_art,official section scene only,kCatalogEntryBitmaps[91],"16 uint16_t rows, high bit is leftmost pixel","catalog row must remain recognizable at native 16x16, at x2 proof scale, and when placed in the compact 64x64 main scene; it must not depend on text labels, anti-aliased grayscale, or runtime image files.",source-backed substitute with official section scene reference,Replace only this 16x16 C++ row in EchoPetCatalogVisuals.cpp or regenerate it with the manifest row id preserved. Do not add runtime PNG/JPG/GIF loading.
CAT-092,92,DOLL 2,item,play,Doll,['reusable'],item/shop behavior reference,small doll/person silhouette,Draw `DOLL 2` as a 16x16 small doll/person silhouette; key cue: small doll cue.,needs_final_art,official section scene only,kCatalogEntryBitmaps[92],"16 uint16_t rows, high bit is leftmost pixel","catalog row must remain recognizable at native 16x16, at x2 proof scale, and when placed in the compact 64x64 main scene; it must not depend on text labels, anti-aliased grayscale, or runtime image files.",source-backed substitute with official section scene reference,Replace only this 16x16 C++ row in EchoPetCatalogVisuals.cpp or regenerate it with the manifest row id preserved. Do not add runtime PNG/JPG/GIF loading.
CAT-093,93,MAKE-UP,item,play,Makeup,['adult_only'],item/shop behavior reference,make-up compact/mirror silhouette,Draw `MAKE-UP` as a 16x16 make-up compact/mirror silhouette; key cue: compact/mirror cue.,needs_final_art,official section scene only,kCatalogEntryBitmaps[93],"16 uint16_t rows, high bit is leftmost pixel","catalog row must remain recognizable at native 16x16, at x2 proof scale, and when placed in the compact 64x64 main scene; it must not depend on text labels, anti-aliased grayscale, or runtime image files.",source-backed substitute with official section scene reference,Replace only this 16x16 C++ row in EchoPetCatalogVisuals.cpp or regenerate it with the manifest row id preserved. Do not add runtime PNG/JPG/GIF loading.
CAT-094,94,SHAVER,item,play,Shaver,"['adult_only', 'reusable']",item/shop behavior reference,shaver/razor silhouette,Draw `SHAVER` as a 16x16 shaver/razor silhouette; key cue: shaver cue.,needs_final_art,official section scene only,kCatalogEntryBitmaps[94],"16 uint16_t rows, high bit is leftmost pixel","catalog row must remain recognizable at native 16x16, at x2 proof scale, and when placed in the compact 64x64 main scene; it must not depend on text labels, anti-aliased grayscale, or runtime image files.",source-backed substitute with official section scene reference,Replace only this 16x16 C++ row in EchoPetCatalogVisuals.cpp or regenerate it with the manifest row id preserved. Do not add runtime PNG/JPG/GIF loading.
CAT-095,95,TAMA DRINK,item,play,TamaDrink,['adult_only'],item/shop behavior reference,item silhouette,Draw `TAMA DRINK` as a 16x16 item silhouette; key cue: bottle/can cue.,needs_final_art,official section scene only,kCatalogEntryBitmaps[95],"16 uint16_t rows, high bit is leftmost pixel","catalog row must remain recognizable at native 16x16, at x2 proof scale, and when placed in the compact 64x64 main scene; it must not depend on text labels, anti-aliased grayscale, or runtime image files.",source-backed substitute with official section scene reference,Replace only this 16x16 C++ row in EchoPetCatalogVisuals.cpp or regenerate it with the manifest row id preserved. Do not add runtime PNG/JPG/GIF loading.
CAT-096,96,ICE CREAM,food,snack,icon_5,['snack'],food/snack behavior reference,snack silhouette with compact object readability,Draw `ICE CREAM` as a 16x16 snack silhouette with compact object readability matching its gameplay/use semantic.,needs_final_art,official section scene only,kCatalogEntryBitmaps[96],"16 uint16_t rows, high bit is leftmost pixel","catalog row must remain recognizable at native 16x16, at x2 proof scale, and when placed in the compact 64x64 main scene; it must not depend on text labels, anti-aliased grayscale, or runtime image files.",source-backed substitute with official section scene reference,Replace only this 16x16 C++ row in EchoPetCatalogVisuals.cpp or regenerate it with the manifest row id preserved. Do not add runtime PNG/JPG/GIF loading.
CAT-097,97,SODA,food,snack,icon_5,['snack'],food/snack behavior reference,snack silhouette with compact object readability,Draw `SODA` as a 16x16 snack silhouette with compact object readability matching its gameplay/use semantic.,needs_final_art,official section scene only,kCatalogEntryBitmaps[97],"16 uint16_t rows, high bit is leftmost pixel","catalog row must remain recognizable at native 16x16, at x2 proof scale, and when placed in the compact 64x64 main scene; it must not depend on text labels, anti-aliased grayscale, or runtime image files.",source-backed substitute with official section scene reference,Replace only this 16x16 C++ row in EchoPetCatalogVisuals.cpp or regenerate it with the manifest row id preserved. Do not add runtime PNG/JPG/GIF loading.
CAT-098,98,WAFFLE,food,snack,icon_6,['snack'],food/snack behavior reference,snack silhouette with compact object readability,Draw `WAFFLE` as a 16x16 snack silhouette with compact object readability matching its gameplay/use semantic.,needs_final_art,official section scene only,kCatalogEntryBitmaps[98],"16 uint16_t rows, high bit is leftmost pixel","catalog row must remain recognizable at native 16x16, at x2 proof scale, and when placed in the compact 64x64 main scene; it must not depend on text labels, anti-aliased grayscale, or runtime image files.",source-backed substitute with official section scene reference,Replace only this 16x16 C++ row in EchoPetCatalogVisuals.cpp or regenerate it with the manifest row id preserved. Do not add runtime PNG/JPG/GIF loading.
CAT-099,99,SUNDAE,food,snack,icon_5,['snack'],food/snack behavior reference,snack silhouette with compact object readability,Draw `SUNDAE` as a 16x16 snack silhouette with compact object readability matching its gameplay/use semantic.,needs_final_art,official section scene only,kCatalogEntryBitmaps[99],"16 uint16_t rows, high bit is leftmost pixel","catalog row must remain recognizable at native 16x16, at x2 proof scale, and when placed in the compact 64x64 main scene; it must not depend on text labels, anti-aliased grayscale, or runtime image files.",source-backed substitute with official section scene reference,Replace only this 16x16 C++ row in EchoPetCatalogVisuals.cpp or regenerate it with the manifest row id preserved. Do not add runtime PNG/JPG/GIF loading.
CAT-100,100,SHAVED ICE,food,snack,icon_5,['snack'],food/snack behavior reference,snack silhouette with compact object readability,Draw `SHAVED ICE` as a 16x16 snack silhouette with compact object readability matching its gameplay/use semantic.,needs_final_art,official section scene only,kCatalogEntryBitmaps[100],"16 uint16_t rows, high bit is leftmost pixel","catalog row must remain recognizable at native 16x16, at x2 proof scale, and when placed in the compact 64x64 main scene; it must not depend on text labels, anti-aliased grayscale, or runtime image files.",source-backed substitute with official section scene reference,Replace only this 16x16 C++ row in EchoPetCatalogVisuals.cpp or regenerate it with the manifest row id preserved. Do not add runtime PNG/JPG/GIF loading.
CAT-101,101,PIZZA,food,meal,icon_1,[],food/snack behavior reference,meal silhouette with plate/bowl readability,Draw `PIZZA` as a 16x16 meal silhouette with plate/bowl readability matching its gameplay/use semantic.,needs_final_art,official section scene only,kCatalogEntryBitmaps[101],"16 uint16_t rows, high bit is leftmost pixel","catalog row must remain recognizable at native 16x16, at x2 proof scale, and when placed in the compact 64x64 main scene; it must not depend on text labels, anti-aliased grayscale, or runtime image files.",source-backed substitute with official section scene reference,Replace only this 16x16 C++ row in EchoPetCatalogVisuals.cpp or regenerate it with the manifest row id preserved. Do not add runtime PNG/JPG/GIF loading.
CAT-102,102,SWEET POTATO,food,snack,icon_0,['snack'],food/snack behavior reference,snack silhouette with compact object readability,Draw `SWEET POTATO` as a 16x16 snack silhouette with compact object readability matching its gameplay/use semantic.,needs_final_art,official section scene only,kCatalogEntryBitmaps[102],"16 uint16_t rows, high bit is leftmost pixel","catalog row must remain recognizable at native 16x16, at x2 proof scale, and when placed in the compact 64x64 main scene; it must not depend on text labels, anti-aliased grayscale, or runtime image files.",source-backed substitute with official section scene reference,Replace only this 16x16 C++ row in EchoPetCatalogVisuals.cpp or regenerate it with the manifest row id preserved. Do not add runtime PNG/JPG/GIF loading.
CAT-103,103,MILK,food,meal,icon_3,[],food/snack behavior reference,meal silhouette with plate/bowl readability,Draw `MILK` as a 16x16 meal silhouette with plate/bowl readability matching its gameplay/use semantic.,needs_final_art,official section scene only,kCatalogEntryBitmaps[103],"16 uint16_t rows, high bit is leftmost pixel","catalog row must remain recognizable at native 16x16, at x2 proof scale, and when placed in the compact 64x64 main scene; it must not depend on text labels, anti-aliased grayscale, or runtime image files.",source-backed substitute with official section scene reference,Replace only this 16x16 C++ row in EchoPetCatalogVisuals.cpp or regenerate it with the manifest row id preserved. Do not add runtime PNG/JPG/GIF loading.
CAT-104,104,FRUIT JUICE,food,snack,icon_5,['snack'],food/snack behavior reference,snack silhouette with compact object readability,Draw `FRUIT JUICE` as a 16x16 snack silhouette with compact object readability matching its gameplay/use semantic.,needs_final_art,official section scene only,kCatalogEntryBitmaps[104],"16 uint16_t rows, high bit is leftmost pixel","catalog row must remain recognizable at native 16x16, at x2 proof scale, and when placed in the compact 64x64 main scene; it must not depend on text labels, anti-aliased grayscale, or runtime image files.",source-backed substitute with official section scene reference,Replace only this 16x16 C++ row in EchoPetCatalogVisuals.cpp or regenerate it with the manifest row id preserved. Do not add runtime PNG/JPG/GIF loading.
CAT-105,105,GRAPES,food,snack,icon_7,['snack'],food/snack behavior reference,snack silhouette with compact object readability,Draw `GRAPES` as a 16x16 snack silhouette with compact object readability matching its gameplay/use semantic.,needs_final_art,official section scene only,kCatalogEntryBitmaps[105],"16 uint16_t rows, high bit is leftmost pixel","catalog row must remain recognizable at native 16x16, at x2 proof scale, and when placed in the compact 64x64 main scene; it must not depend on text labels, anti-aliased grayscale, or runtime image files.",source-backed substitute with official section scene reference,Replace only this 16x16 C++ row in EchoPetCatalogVisuals.cpp or regenerate it with the manifest row id preserved. Do not add runtime PNG/JPG/GIF loading.
CAT-106,106,CANDY,food,snack,icon_5,['snack'],food/snack behavior reference,snack silhouette with compact object readability,Draw `CANDY` as a 16x16 snack silhouette with compact object readability matching its gameplay/use semantic.,needs_final_art,official section scene only,kCatalogEntryBitmaps[106],"16 uint16_t rows, high bit is leftmost pixel","catalog row must remain recognizable at native 16x16, at x2 proof scale, and when placed in the compact 64x64 main scene; it must not depend on text labels, anti-aliased grayscale, or runtime image files.",source-backed substitute with official section scene reference,Replace only this 16x16 C++ row in EchoPetCatalogVisuals.cpp or regenerate it with the manifest row id preserved. Do not add runtime PNG/JPG/GIF loading.
CAT-107,107,POPCORN,food,snack,icon_4,['snack'],food/snack behavior reference,snack silhouette with compact object readability,Draw `POPCORN` as a 16x16 snack silhouette with compact object readability matching its gameplay/use semantic.,needs_final_art,official section scene only,kCatalogEntryBitmaps[107],"16 uint16_t rows, high bit is leftmost pixel","catalog row must remain recognizable at native 16x16, at x2 proof scale, and when placed in the compact 64x64 main scene; it must not depend on text labels, anti-aliased grayscale, or runtime image files.",source-backed substitute with official section scene reference,Replace only this 16x16 C++ row in EchoPetCatalogVisuals.cpp or regenerate it with the manifest row id preserved. Do not add runtime PNG/JPG/GIF loading.
CAT-108,108,GUM,food,snack,icon_5,['snack'],food/snack behavior reference,snack silhouette with compact object readability,Draw `GUM` as a 16x16 snack silhouette with compact object readability matching its gameplay/use semantic.,needs_final_art,official section scene only,kCatalogEntryBitmaps[108],"16 uint16_t rows, high bit is leftmost pixel","catalog row must remain recognizable at native 16x16, at x2 proof scale, and when placed in the compact 64x64 main scene; it must not depend on text labels, anti-aliased grayscale, or runtime image files.",source-backed substitute with official section scene reference,Replace only this 16x16 C++ row in EchoPetCatalogVisuals.cpp or regenerate it with the manifest row id preserved. Do not add runtime PNG/JPG/GIF loading.
CAT-109,109,DANGO,food,snack,icon_6,['snack'],food/snack behavior reference,snack silhouette with compact object readability,Draw `DANGO` as a 16x16 snack silhouette with compact object readability matching its gameplay/use semantic.,needs_final_art,official section scene only,kCatalogEntryBitmaps[109],"16 uint16_t rows, high bit is leftmost pixel","catalog row must remain recognizable at native 16x16, at x2 proof scale, and when placed in the compact 64x64 main scene; it must not depend on text labels, anti-aliased grayscale, or runtime image files.",source-backed substitute with official section scene reference,Replace only this 16x16 C++ row in EchoPetCatalogVisuals.cpp or regenerate it with the manifest row id preserved. Do not add runtime PNG/JPG/GIF loading.
CAT-110,110,CREAM PUFF,food,snack,icon_6,['snack'],food/snack behavior reference,snack silhouette with compact object readability,Draw `CREAM PUFF` as a 16x16 snack silhouette with compact object readability matching its gameplay/use semantic.,needs_final_art,official section scene only,kCatalogEntryBitmaps[110],"16 uint16_t rows, high bit is leftmost pixel","catalog row must remain recognizable at native 16x16, at x2 proof scale, and when placed in the compact 64x64 main scene; it must not depend on text labels, anti-aliased grayscale, or runtime image files.",source-backed substitute with official section scene reference,Replace only this 16x16 C++ row in EchoPetCatalogVisuals.cpp or regenerate it with the manifest row id preserved. Do not add runtime PNG/JPG/GIF loading.
CAT-111,111,ENERGY DRINK,food,snack,icon_5,['snack'],food/snack behavior reference,snack silhouette with compact object readability,Draw `ENERGY DRINK` as a 16x16 snack silhouette with compact object readability; key cue: bottle/can cue.,needs_final_art,official section scene only,kCatalogEntryBitmaps[111],"16 uint16_t rows, high bit is leftmost pixel","catalog row must remain recognizable at native 16x16, at x2 proof scale, and when placed in the compact 64x64 main scene; it must not depend on text labels, anti-aliased grayscale, or runtime image files.",source-backed substitute with official section scene reference,Replace only this 16x16 C++ row in EchoPetCatalogVisuals.cpp or regenerate it with the manifest row id preserved. Do not add runtime PNG/JPG/GIF loading.
CAT-112,112,PENCIL,item,study,Pencil,['adult_only'],PENCIL,diagonal pencil silhouette,Draw `PENCIL` as a 16x16 diagonal pencil silhouette; key cue: diagonal pencil cue.,accepted_reference,official_source_override,kCatalogEntryBitmaps[112],"16 uint16_t rows, high bit is leftmost pixel","catalog row must remain recognizable at native 16x16, at x2 proof scale, and when placed in the compact 64x64 main scene; it must not depend on text labels, anti-aliased grayscale, or runtime image files.",PENCIL,Replace only this 16x16 C++ row in EchoPetCatalogVisuals.cpp or regenerate it with the manifest row id preserved. Do not add runtime PNG/JPG/GIF loading.
CAT-113,113,PLANT,item,play,Plant,[],item/shop behavior reference,plant/pot silhouette,Draw `PLANT` as a 16x16 plant/pot silhouette; key cue: sprout/pot cue.,needs_final_art,official section scene only,kCatalogEntryBitmaps[113],"16 uint16_t rows, high bit is leftmost pixel","catalog row must remain recognizable at native 16x16, at x2 proof scale, and when placed in the compact 64x64 main scene; it must not depend on text labels, anti-aliased grayscale, or runtime image files.",source-backed substitute with official section scene reference,Replace only this 16x16 C++ row in EchoPetCatalogVisuals.cpp or regenerate it with the manifest row id preserved. Do not add runtime PNG/JPG/GIF loading.
CAT-114,114,UMBRELLA,item,play,Umbrella,"['adult_only', 'reusable']",item/shop behavior reference,item silhouette,Draw `UMBRELLA` as a 16x16 item silhouette matching its gameplay/use semantic.,needs_final_art,official section scene only,kCatalogEntryBitmaps[114],"16 uint16_t rows, high bit is leftmost pixel","catalog row must remain recognizable at native 16x16, at x2 proof scale, and when placed in the compact 64x64 main scene; it must not depend on text labels, anti-aliased grayscale, or runtime image files.",source-backed substitute with official section scene reference,Replace only this 16x16 C++ row in EchoPetCatalogVisuals.cpp or regenerate it with the manifest row id preserved. Do not add runtime PNG/JPG/GIF loading.
CAT-115,115,SUNGLASSES,item,play,Glasses,"['adult_only', 'reusable']",item/shop behavior reference,glasses silhouette,Draw `SUNGLASSES` as a 16x16 glasses silhouette matching its gameplay/use semantic.,needs_final_art,official section scene only,kCatalogEntryBitmaps[115],"16 uint16_t rows, high bit is leftmost pixel","catalog row must remain recognizable at native 16x16, at x2 proof scale, and when placed in the compact 64x64 main scene; it must not depend on text labels, anti-aliased grayscale, or runtime image files.",source-backed substitute with official section scene reference,Replace only this 16x16 C++ row in EchoPetCatalogVisuals.cpp or regenerate it with the manifest row id preserved. Do not add runtime PNG/JPG/GIF loading.
CAT-116,116,BOW,item,play,Bow,"['adult_only', 'reusable']",item/shop behavior reference,item silhouette,Draw `BOW` as a 16x16 item silhouette matching its gameplay/use semantic.,needs_final_art,official section scene only,kCatalogEntryBitmaps[116],"16 uint16_t rows, high bit is leftmost pixel","catalog row must remain recognizable at native 16x16, at x2 proof scale, and when placed in the compact 64x64 main scene; it must not depend on text labels, anti-aliased grayscale, or runtime image files.",source-backed substitute with official section scene reference,Replace only this 16x16 C++ row in EchoPetCatalogVisuals.cpp or regenerate it with the manifest row id preserved. Do not add runtime PNG/JPG/GIF loading.
CAT-117,117,DRUM,item,music,Drum,"['adult_only', 'reusable']",item/shop behavior reference,item silhouette,Draw `DRUM` as a 16x16 item silhouette matching its gameplay/use semantic.,needs_final_art,official section scene only,kCatalogEntryBitmaps[117],"16 uint16_t rows, high bit is leftmost pixel","catalog row must remain recognizable at native 16x16, at x2 proof scale, and when placed in the compact 64x64 main scene; it must not depend on text labels, anti-aliased grayscale, or runtime image files.",source-backed substitute with official section scene reference,Replace only this 16x16 C++ row in EchoPetCatalogVisuals.cpp or regenerate it with the manifest row id preserved. Do not add runtime PNG/JPG/GIF loading.
CAT-118,118,SHOVEL,item,play,Shovel,[],SHOVEL,shovel silhouette,Draw `SHOVEL` as a 16x16 shovel silhouette; key cue: shovel cue.,accepted_reference,official_source_override,kCatalogEntryBitmaps[118],"16 uint16_t rows, high bit is leftmost pixel","catalog row must remain recognizable at native 16x16, at x2 proof scale, and when placed in the compact 64x64 main scene; it must not depend on text labels, anti-aliased grayscale, or runtime image files.",SHOVEL,Replace only this 16x16 C++ row in EchoPetCatalogVisuals.cpp or regenerate it with the manifest row id preserved. Do not add runtime PNG/JPG/GIF loading.
CAT-119,119,ROLLER BLADES,item,play,Skates,"['adult_only', 'reusable']",item/shop behavior reference,item silhouette,Draw `ROLLER BLADES` as a 16x16 item silhouette matching its gameplay/use semantic.,needs_final_art,official section scene only,kCatalogEntryBitmaps[119],"16 uint16_t rows, high bit is leftmost pixel","catalog row must remain recognizable at native 16x16, at x2 proof scale, and when placed in the compact 64x64 main scene; it must not depend on text labels, anti-aliased grayscale, or runtime image files.",source-backed substitute with official section scene reference,Replace only this 16x16 C++ row in EchoPetCatalogVisuals.cpp or regenerate it with the manifest row id preserved. Do not add runtime PNG/JPG/GIF loading.
CAT-120,120,BALLOON,item,play,Balloon,"['reusable', 'child_plus']",BALLOON,balloon silhouette,Draw `BALLOON` as a 16x16 balloon silhouette; key cue: balloon plus string cue.,accepted_reference,official_source_override,kCatalogEntryBitmaps[120],"16 uint16_t rows, high bit is leftmost pixel","catalog row must remain recognizable at native 16x16, at x2 proof scale, and when placed in the compact 64x64 main scene; it must not depend on text labels, anti-aliased grayscale, or runtime image files.",BALLOON,Replace only this 16x16 C++ row in EchoPetCatalogVisuals.cpp or regenerate it with the manifest row id preserved. Do not add runtime PNG/JPG/GIF loading.
CAT-121,121,BOW TIE,item,play,BowTie,"['adult_only', 'reusable']",item/shop behavior reference,item silhouette,Draw `BOW TIE` as a 16x16 item silhouette matching its gameplay/use semantic.,needs_final_art,official section scene only,kCatalogEntryBitmaps[121],"16 uint16_t rows, high bit is leftmost pixel","catalog row must remain recognizable at native 16x16, at x2 proof scale, and when placed in the compact 64x64 main scene; it must not depend on text labels, anti-aliased grayscale, or runtime image files.",source-backed substitute with official section scene reference,Replace only this 16x16 C++ row in EchoPetCatalogVisuals.cpp or regenerate it with the manifest row id preserved. Do not add runtime PNG/JPG/GIF loading.
CAT-122,122,CAP,item,play,Cap,"['adult_only', 'reusable']",CAP,item silhouette,Draw `CAP` as a 16x16 item silhouette matching its gameplay/use semantic.,accepted_reference,official_source_override,kCatalogEntryBitmaps[122],"16 uint16_t rows, high bit is leftmost pixel","catalog row must remain recognizable at native 16x16, at x2 proof scale, and when placed in the compact 64x64 main scene; it must not depend on text labels, anti-aliased grayscale, or runtime image files.",CAP,Replace only this 16x16 C++ row in EchoPetCatalogVisuals.cpp or regenerate it with the manifest row id preserved. Do not add runtime PNG/JPG/GIF loading.
CAT-123,123,MUSIC,item,music,icon_6,"['adult_only', 'reusable']",item/shop behavior reference,item silhouette,Draw `MUSIC` as a 16x16 item silhouette matching its gameplay/use semantic.,needs_final_art,official section scene only,kCatalogEntryBitmaps[123],"16 uint16_t rows, high bit is leftmost pixel","catalog row must remain recognizable at native 16x16, at x2 proof scale, and when placed in the compact 64x64 main scene; it must not depend on text labels, anti-aliased grayscale, or runtime image files.",source-backed substitute with official section scene reference,Replace only this 16x16 C++ row in EchoPetCatalogVisuals.cpp or regenerate it with the manifest row id preserved. Do not add runtime PNG/JPG/GIF loading.
CAT-124,124,CHIKUWA,food,meal,icon_1,[],food/snack behavior reference,meal silhouette with plate/bowl readability,Draw `CHIKUWA` as a 16x16 meal silhouette with plate/bowl readability matching its gameplay/use semantic.,needs_final_art,official section scene only,kCatalogEntryBitmaps[124],"16 uint16_t rows, high bit is leftmost pixel","catalog row must remain recognizable at native 16x16, at x2 proof scale, and when placed in the compact 64x64 main scene; it must not depend on text labels, anti-aliased grayscale, or runtime image files.",source-backed substitute with official section scene reference,Replace only this 16x16 C++ row in EchoPetCatalogVisuals.cpp or regenerate it with the manifest row id preserved. Do not add runtime PNG/JPG/GIF loading.
CAT-125,125,CREAM PUFF,food,snack,icon_6,['snack'],food/snack behavior reference,snack silhouette with compact object readability,Draw `CREAM PUFF` as a 16x16 snack silhouette with compact object readability matching its gameplay/use semantic.,needs_final_art,official section scene only,kCatalogEntryBitmaps[125],"16 uint16_t rows, high bit is leftmost pixel","catalog row must remain recognizable at native 16x16, at x2 proof scale, and when placed in the compact 64x64 main scene; it must not depend on text labels, anti-aliased grayscale, or runtime image files.",source-backed substitute with official section scene reference,Replace only this 16x16 C++ row in EchoPetCatalogVisuals.cpp or regenerate it with the manifest row id preserved. Do not add runtime PNG/JPG/GIF loading.
CAT-126,126,DANGO,food,snack,icon_6,['snack'],food/snack behavior reference,snack silhouette with compact object readability,Draw `DANGO` as a 16x16 snack silhouette with compact object readability matching its gameplay/use semantic.,needs_final_art,official section scene only,kCatalogEntryBitmaps[126],"16 uint16_t rows, high bit is leftmost pixel","catalog row must remain recognizable at native 16x16, at x2 proof scale, and when placed in the compact 64x64 main scene; it must not depend on text labels, anti-aliased grayscale, or runtime image files.",source-backed substitute with official section scene reference,Replace only this 16x16 C++ row in EchoPetCatalogVisuals.cpp or regenerate it with the manifest row id preserved. Do not add runtime PNG/JPG/GIF loading.
CAT-127,127,ESCARGOT,food,meal,icon_1,[],food/snack behavior reference,meal silhouette with plate/bowl readability,Draw `ESCARGOT` as a 16x16 meal silhouette with plate/bowl readability matching its gameplay/use semantic.,needs_final_art,official section scene only,kCatalogEntryBitmaps[127],"16 uint16_t rows, high bit is leftmost pixel","catalog row must remain recognizable at native 16x16, at x2 proof scale, and when placed in the compact 64x64 main scene; it must not depend on text labels, anti-aliased grayscale, or runtime image files.",source-backed substitute with official section scene reference,Replace only this 16x16 C++ row in EchoPetCatalogVisuals.cpp or regenerate it with the manifest row id preserved. Do not add runtime PNG/JPG/GIF loading.
CAT-128,128,GUM,food,snack,icon_5,['snack'],food/snack behavior reference,snack silhouette with compact object readability,Draw `GUM` as a 16x16 snack silhouette with compact object readability matching its gameplay/use semantic.,needs_final_art,official section scene only,kCatalogEntryBitmaps[128],"16 uint16_t rows, high bit is leftmost pixel","catalog row must remain recognizable at native 16x16, at x2 proof scale, and when placed in the compact 64x64 main scene; it must not depend on text labels, anti-aliased grayscale, or runtime image files.",source-backed substitute with official section scene reference,Replace only this 16x16 C++ row in EchoPetCatalogVisuals.cpp or regenerate it with the manifest row id preserved. Do not add runtime PNG/JPG/GIF loading.
CAT-129,129,MARRON CAKE,food,snack,icon_6,['snack'],food/snack behavior reference,snack silhouette with compact object readability,Draw `MARRON CAKE` as a 16x16 snack silhouette with compact object readability matching its gameplay/use semantic.,needs_final_art,official section scene only,kCatalogEntryBitmaps[129],"16 uint16_t rows, high bit is leftmost pixel","catalog row must remain recognizable at native 16x16, at x2 proof scale, and when placed in the compact 64x64 main scene; it must not depend on text labels, anti-aliased grayscale, or runtime image files.",source-backed substitute with official section scene reference,Replace only this 16x16 C++ row in EchoPetCatalogVisuals.cpp or regenerate it with the manifest row id preserved. Do not add runtime PNG/JPG/GIF loading.
CAT-130,130,RICE BALL,food,meal,icon_0,[],food/snack behavior reference,meal silhouette with plate/bowl readability,Draw `RICE BALL` as a 16x16 meal silhouette with plate/bowl readability; key cue: round ball cue.,needs_final_art,official section scene only,kCatalogEntryBitmaps[130],"16 uint16_t rows, high bit is leftmost pixel","catalog row must remain recognizable at native 16x16, at x2 proof scale, and when placed in the compact 64x64 main scene; it must not depend on text labels, anti-aliased grayscale, or runtime image files.",source-backed substitute with official section scene reference,Replace only this 16x16 C++ row in EchoPetCatalogVisuals.cpp or regenerate it with the manifest row id preserved. Do not add runtime PNG/JPG/GIF loading.
CAT-131,131,SAUSAGE,food,meal,icon_1,[],food/snack behavior reference,meal silhouette with plate/bowl readability,Draw `SAUSAGE` as a 16x16 meal silhouette with plate/bowl readability matching its gameplay/use semantic.,needs_final_art,official section scene only,kCatalogEntryBitmaps[131],"16 uint16_t rows, high bit is leftmost pixel","catalog row must remain recognizable at native 16x16, at x2 proof scale, and when placed in the compact 64x64 main scene; it must not depend on text labels, anti-aliased grayscale, or runtime image files.",source-backed substitute with official section scene reference,Replace only this 16x16 C++ row in EchoPetCatalogVisuals.cpp or regenerate it with the manifest row id preserved. Do not add runtime PNG/JPG/GIF loading.
CAT-132,132,ACTION FIG,item,play,Character,['reusable'],item/shop behavior reference,item silhouette,Draw `ACTION FIG` as a 16x16 item silhouette; key cue: small figure/person cue.,needs_final_art,official section scene only,kCatalogEntryBitmaps[132],"16 uint16_t rows, high bit is leftmost pixel","catalog row must remain recognizable at native 16x16, at x2 proof scale, and when placed in the compact 64x64 main scene; it must not depend on text labels, anti-aliased grayscale, or runtime image files.",source-backed substitute with official section scene reference,Replace only this 16x16 C++ row in EchoPetCatalogVisuals.cpp or regenerate it with the manifest row id preserved. Do not add runtime PNG/JPG/GIF loading.
CAT-133,133,BLDG BLOCK,item,play,icon_4,"['reusable', 'teen_plus']",item/shop behavior reference,item silhouette,Draw `BLDG BLOCK` as a 16x16 item silhouette; key cue: stacked block cue.,needs_final_art,official section scene only,kCatalogEntryBitmaps[133],"16 uint16_t rows, high bit is leftmost pixel","catalog row must remain recognizable at native 16x16, at x2 proof scale, and when placed in the compact 64x64 main scene; it must not depend on text labels, anti-aliased grayscale, or runtime image files.",source-backed substitute with official section scene reference,Replace only this 16x16 C++ row in EchoPetCatalogVisuals.cpp or regenerate it with the manifest row id preserved. Do not add runtime PNG/JPG/GIF loading.
CAT-134,134,BOOM BOX,item,music,icon_6,['reusable'],item/shop behavior reference,item silhouette,Draw `BOOM BOX` as a 16x16 item silhouette; key cue: boombox speaker cue; box/gift cue.,needs_final_art,official section scene only,kCatalogEntryBitmaps[134],"16 uint16_t rows, high bit is leftmost pixel","catalog row must remain recognizable at native 16x16, at x2 proof scale, and when placed in the compact 64x64 main scene; it must not depend on text labels, anti-aliased grayscale, or runtime image files.",source-backed substitute with official section scene reference,Replace only this 16x16 C++ row in EchoPetCatalogVisuals.cpp or regenerate it with the manifest row id preserved. Do not add runtime PNG/JPG/GIF loading.
CAT-135,135,RC CAR 1,item,play,Car,"['adult_only', 'reusable']",item/shop behavior reference,item silhouette,Draw `RC CAR 1` as a 16x16 item silhouette; key cue: car body and wheel cue.,needs_final_art,official section scene only,kCatalogEntryBitmaps[135],"16 uint16_t rows, high bit is leftmost pixel","catalog row must remain recognizable at native 16x16, at x2 proof scale, and when placed in the compact 64x64 main scene; it must not depend on text labels, anti-aliased grayscale, or runtime image files.",source-backed substitute with official section scene reference,Replace only this 16x16 C++ row in EchoPetCatalogVisuals.cpp or regenerate it with the manifest row id preserved. Do not add runtime PNG/JPG/GIF loading.
CAT-136,136,RC CAR 2,item,play,Car,"['adult_only', 'reusable']",item/shop behavior reference,item silhouette,Draw `RC CAR 2` as a 16x16 item silhouette; key cue: car body and wheel cue.,needs_final_art,official section scene only,kCatalogEntryBitmaps[136],"16 uint16_t rows, high bit is leftmost pixel","catalog row must remain recognizable at native 16x16, at x2 proof scale, and when placed in the compact 64x64 main scene; it must not depend on text labels, anti-aliased grayscale, or runtime image files.",source-backed substitute with official section scene reference,Replace only this 16x16 C++ row in EchoPetCatalogVisuals.cpp or regenerate it with the manifest row id preserved. Do not add runtime PNG/JPG/GIF loading.
CAT-137,137,ROPE,item,play,icon_5,"['reusable', 'teen_plus']",item/shop behavior reference,item silhouette,Draw `ROPE` as a 16x16 item silhouette; key cue: looped rope cue.,needs_final_art,official section scene only,kCatalogEntryBitmaps[137],"16 uint16_t rows, high bit is leftmost pixel","catalog row must remain recognizable at native 16x16, at x2 proof scale, and when placed in the compact 64x64 main scene; it must not depend on text labels, anti-aliased grayscale, or runtime image files.",source-backed substitute with official section scene reference,Replace only this 16x16 C++ row in EchoPetCatalogVisuals.cpp or regenerate it with the manifest row id preserved. Do not add runtime PNG/JPG/GIF loading.
CAT-138,138,SHIRT,item,play,Shirt,"['adult_only', 'reusable']",item/shop behavior reference,item silhouette,Draw `SHIRT` as a 16x16 item silhouette matching its gameplay/use semantic.,needs_final_art,official section scene only,kCatalogEntryBitmaps[138],"16 uint16_t rows, high bit is leftmost pixel","catalog row must remain recognizable at native 16x16, at x2 proof scale, and when placed in the compact 64x64 main scene; it must not depend on text labels, anti-aliased grayscale, or runtime image files.",source-backed substitute with official section scene reference,Replace only this 16x16 C++ row in EchoPetCatalogVisuals.cpp or regenerate it with the manifest row id preserved. Do not add runtime PNG/JPG/GIF loading.
CAT-139,139,SHOES,item,play,Shoes,['adult_only'],item/shop behavior reference,item silhouette,Draw `SHOES` as a 16x16 item silhouette matching its gameplay/use semantic.,needs_final_art,official section scene only,kCatalogEntryBitmaps[139],"16 uint16_t rows, high bit is leftmost pixel","catalog row must remain recognizable at native 16x16, at x2 proof scale, and when placed in the compact 64x64 main scene; it must not depend on text labels, anti-aliased grayscale, or runtime image files.",source-backed substitute with official section scene reference,Replace only this 16x16 C++ row in EchoPetCatalogVisuals.cpp or regenerate it with the manifest row id preserved. Do not add runtime PNG/JPG/GIF loading.
CAT-140,140,THRONE,item,play,Throne,"['adult_only', 'reusable']",item/shop behavior reference,item silhouette,Draw `THRONE` as a 16x16 item silhouette matching its gameplay/use semantic.,needs_final_art,official section scene only,kCatalogEntryBitmaps[140],"16 uint16_t rows, high bit is leftmost pixel","catalog row must remain recognizable at native 16x16, at x2 proof scale, and when placed in the compact 64x64 main scene; it must not depend on text labels, anti-aliased grayscale, or runtime image files.",source-backed substitute with official section scene reference,Replace only this 16x16 C++ row in EchoPetCatalogVisuals.cpp or regenerate it with the manifest row id preserved. Do not add runtime PNG/JPG/GIF loading.
CAT-141,141,TRUMPET,item,music,icon_6,"['adult_only', 'reusable']",TRUMPET,item silhouette,Draw `TRUMPET` as a 16x16 item silhouette; key cue: trumpet/horn cue.,accepted_reference,official_source_override,kCatalogEntryBitmaps[141],"16 uint16_t rows, high bit is leftmost pixel","catalog row must remain recognizable at native 16x16, at x2 proof scale, and when placed in the compact 64x64 main scene; it must not depend on text labels, anti-aliased grayscale, or runtime image files.",TRUMPET,Replace only this 16x16 C++ row in EchoPetCatalogVisuals.cpp or regenerate it with the manifest row id preserved. Do not add runtime PNG/JPG/GIF loading.
CAT-142,142,TV,item,study,Tv,"['adult_only', 'reusable']",item/shop behavior reference,TV/screen silhouette,Draw `TV` as a 16x16 TV/screen silhouette; key cue: screen cue.,needs_final_art,official section scene only,kCatalogEntryBitmaps[142],"16 uint16_t rows, high bit is leftmost pixel","catalog row must remain recognizable at native 16x16, at x2 proof scale, and when placed in the compact 64x64 main scene; it must not depend on text labels, anti-aliased grayscale, or runtime image files.",source-backed substitute with official section scene reference,Replace only this 16x16 C++ row in EchoPetCatalogVisuals.cpp or regenerate it with the manifest row id preserved. Do not add runtime PNG/JPG/GIF loading.
CAT-143,143,WEIGHTS,item,play,Weights,"['adult_only', 'reusable']",item/shop behavior reference,barbell/weights silhouette,Draw `WEIGHTS` as a 16x16 barbell/weights silhouette; key cue: barbell cue.,needs_final_art,official section scene only,kCatalogEntryBitmaps[143],"16 uint16_t rows, high bit is leftmost pixel","catalog row must remain recognizable at native 16x16, at x2 proof scale, and when placed in the compact 64x64 main scene; it must not depend on text labels, anti-aliased grayscale, or runtime image files.",source-backed substitute with official section scene reference,Replace only this 16x16 C++ row in EchoPetCatalogVisuals.cpp or regenerate it with the manifest row id preserved. Do not add runtime PNG/JPG/GIF loading.
CAT-144,144,CAKE,food,snack,icon_6,"['snack', 'secret']",food/snack behavior reference,snack silhouette with compact object readability,Draw `CAKE` as a 16x16 snack silhouette with compact object readability matching its gameplay/use semantic.,needs_final_art,official section scene only,kCatalogEntryBitmaps[144],"16 uint16_t rows, high bit is leftmost pixel","catalog row must remain recognizable at native 16x16, at x2 proof scale, and when placed in the compact 64x64 main scene; it must not depend on text labels, anti-aliased grayscale, or runtime image files.",source-backed substitute with official section scene reference,Replace only this 16x16 C++ row in EchoPetCatalogVisuals.cpp or regenerate it with the manifest row id preserved. Do not add runtime PNG/JPG/GIF loading.
CAT-145,145,STEAK,food,meal,icon_1,['secret'],food/snack behavior reference,meal silhouette with plate/bowl readability,Draw `STEAK` as a 16x16 meal silhouette with plate/bowl readability; key cue: oval steak with bone or grill mark cue.,needs_final_art,official section scene only,kCatalogEntryBitmaps[145],"16 uint16_t rows, high bit is leftmost pixel","catalog row must remain recognizable at native 16x16, at x2 proof scale, and when placed in the compact 64x64 main scene; it must not depend on text labels, anti-aliased grayscale, or runtime image files.",source-backed substitute with official section scene reference,Replace only this 16x16 C++ row in EchoPetCatalogVisuals.cpp or regenerate it with the manifest row id preserved. Do not add runtime PNG/JPG/GIF loading.
CAT-146,146,CLOCK,item,study,Clock,"['reusable', 'secret']",item/shop behavior reference,item silhouette,Draw `CLOCK` as a 16x16 item silhouette matching its gameplay/use semantic.,needs_final_art,official section scene only,kCatalogEntryBitmaps[146],"16 uint16_t rows, high bit is leftmost pixel","catalog row must remain recognizable at native 16x16, at x2 proof scale, and when placed in the compact 64x64 main scene; it must not depend on text labels, anti-aliased grayscale, or runtime image files.",source-backed substitute with official section scene reference,Replace only this 16x16 C++ row in EchoPetCatalogVisuals.cpp or regenerate it with the manifest row id preserved. Do not add runtime PNG/JPG/GIF loading.
CAT-147,147,HAIR GEL,item,play,HairGel,"['adult_only', 'secret']",item/shop behavior reference,item silhouette,Draw `HAIR GEL` as a 16x16 item silhouette; key cue: comb/hair gel container cue.,needs_final_art,official section scene only,kCatalogEntryBitmaps[147],"16 uint16_t rows, high bit is leftmost pixel","catalog row must remain recognizable at native 16x16, at x2 proof scale, and when placed in the compact 64x64 main scene; it must not depend on text labels, anti-aliased grayscale, or runtime image files.",source-backed substitute with official section scene reference,Replace only this 16x16 C++ row in EchoPetCatalogVisuals.cpp or regenerate it with the manifest row id preserved. Do not add runtime PNG/JPG/GIF loading.
CAT-148,148,HONEY,item,play,Honey,"['adult_only', 'secret']",item/shop behavior reference,item silhouette,Draw `HONEY` as a 16x16 item silhouette matching its gameplay/use semantic.,needs_final_art,official section scene only,kCatalogEntryBitmaps[148],"16 uint16_t rows, high bit is leftmost pixel","catalog row must remain recognizable at native 16x16, at x2 proof scale, and when placed in the compact 64x64 main scene; it must not depend on text labels, anti-aliased grayscale, or runtime image files.",source-backed substitute with official section scene reference,Replace only this 16x16 C++ row in EchoPetCatalogVisuals.cpp or regenerate it with the manifest row id preserved. Do not add runtime PNG/JPG/GIF loading.
CAT-149,149,RC CAR 3,item,play,Car,"['adult_only', 'reusable', 'secret']",item/shop behavior reference,item silhouette,Draw `RC CAR 3` as a 16x16 item silhouette; key cue: car body and wheel cue.,needs_final_art,official section scene only,kCatalogEntryBitmaps[149],"16 uint16_t rows, high bit is leftmost pixel","catalog row must remain recognizable at native 16x16, at x2 proof scale, and when placed in the compact 64x64 main scene; it must not depend on text labels, anti-aliased grayscale, or runtime image files.",source-backed substitute with official section scene reference,Replace only this 16x16 C++ row in EchoPetCatalogVisuals.cpp or regenerate it with the manifest row id preserved. Do not add runtime PNG/JPG/GIF loading.
CAT-150,150,NYATCHI,item,play,Character,"['adult_only', 'secret']",item/shop behavior reference,item silhouette,Draw `NYATCHI` as a 16x16 item silhouette matching its gameplay/use semantic.,needs_final_art,official section scene only,kCatalogEntryBitmaps[150],"16 uint16_t rows, high bit is leftmost pixel","catalog row must remain recognizable at native 16x16, at x2 proof scale, and when placed in the compact 64x64 main scene; it must not depend on text labels, anti-aliased grayscale, or runtime image files.",source-backed substitute with official section scene reference,Replace only this 16x16 C++ row in EchoPetCatalogVisuals.cpp or regenerate it with the manifest row id preserved. Do not add runtime PNG/JPG/GIF loading.
CAT-151,151,HOHOTCHI,item,play,Character,"['adult_only', 'reusable', 'secret']",item/shop behavior reference,item silhouette,Draw `HOHOTCHI` as a 16x16 item silhouette matching its gameplay/use semantic.,needs_final_art,official section scene only,kCatalogEntryBitmaps[151],"16 uint16_t rows, high bit is leftmost pixel","catalog row must remain recognizable at native 16x16, at x2 proof scale, and when placed in the compact 64x64 main scene; it must not depend on text labels, anti-aliased grayscale, or runtime image files.",source-backed substitute with official section scene reference,Replace only this 16x16 C++ row in EchoPetCatalogVisuals.cpp or regenerate it with the manifest row id preserved. Do not add runtime PNG/JPG/GIF loading.
CAT-152,152,MEMORY153,souvenir,memory,icon_0,['secret'],,memory/souvenir silhouette,Draw `MEMORY153` as a 16x16 memory/souvenir silhouette matching its gameplay/use semantic.,needs_final_art,generated runtime row,kCatalogEntryBitmaps[152],"16 uint16_t rows, high bit is leftmost pixel","catalog row must remain recognizable at native 16x16, at x2 proof scale, and when placed in the compact 64x64 main scene; it must not depend on text labels, anti-aliased grayscale, or runtime image files.",,Replace only this 16x16 C++ row in EchoPetCatalogVisuals.cpp or regenerate it with the manifest row id preserved. Do not add runtime PNG/JPG/GIF loading.
CAT-153,153,MEMORY154,souvenir,memory,icon_1,['secret'],,memory/souvenir silhouette,Draw `MEMORY154` as a 16x16 memory/souvenir silhouette matching its gameplay/use semantic.,needs_final_art,generated runtime row,kCatalogEntryBitmaps[153],"16 uint16_t rows, high bit is leftmost pixel","catalog row must remain recognizable at native 16x16, at x2 proof scale, and when placed in the compact 64x64 main scene; it must not depend on text labels, anti-aliased grayscale, or runtime image files.",,Replace only this 16x16 C++ row in EchoPetCatalogVisuals.cpp or regenerate it with the manifest row id preserved. Do not add runtime PNG/JPG/GIF loading.
CAT-154,154,MEMORY155,souvenir,memory,icon_2,['secret'],,memory/souvenir silhouette,Draw `MEMORY155` as a 16x16 memory/souvenir silhouette matching its gameplay/use semantic.,needs_final_art,generated runtime row,kCatalogEntryBitmaps[154],"16 uint16_t rows, high bit is leftmost pixel","catalog row must remain recognizable at native 16x16, at x2 proof scale, and when placed in the compact 64x64 main scene; it must not depend on text labels, anti-aliased grayscale, or runtime image files.",,Replace only this 16x16 C++ row in EchoPetCatalogVisuals.cpp or regenerate it with the manifest row id preserved. Do not add runtime PNG/JPG/GIF loading.
CAT-155,155,MEMORY156,souvenir,memory,icon_3,['secret'],,memory/souvenir silhouette,Draw `MEMORY156` as a 16x16 memory/souvenir silhouette matching its gameplay/use semantic.,needs_final_art,generated runtime row,kCatalogEntryBitmaps[155],"16 uint16_t rows, high bit is leftmost pixel","catalog row must remain recognizable at native 16x16, at x2 proof scale, and when placed in the compact 64x64 main scene; it must not depend on text labels, anti-aliased grayscale, or runtime image files.",,Replace only this 16x16 C++ row in EchoPetCatalogVisuals.cpp or regenerate it with the manifest row id preserved. Do not add runtime PNG/JPG/GIF loading.
CAT-156,156,MEMORY157,souvenir,memory,icon_4,['secret'],,memory/souvenir silhouette,Draw `MEMORY157` as a 16x16 memory/souvenir silhouette matching its gameplay/use semantic.,needs_final_art,generated runtime row,kCatalogEntryBitmaps[156],"16 uint16_t rows, high bit is leftmost pixel","catalog row must remain recognizable at native 16x16, at x2 proof scale, and when placed in the compact 64x64 main scene; it must not depend on text labels, anti-aliased grayscale, or runtime image files.",,Replace only this 16x16 C++ row in EchoPetCatalogVisuals.cpp or regenerate it with the manifest row id preserved. Do not add runtime PNG/JPG/GIF loading.
CAT-157,157,MEMORY158,souvenir,memory,icon_5,['secret'],,memory/souvenir silhouette,Draw `MEMORY158` as a 16x16 memory/souvenir silhouette matching its gameplay/use semantic.,needs_final_art,generated runtime row,kCatalogEntryBitmaps[157],"16 uint16_t rows, high bit is leftmost pixel","catalog row must remain recognizable at native 16x16, at x2 proof scale, and when placed in the compact 64x64 main scene; it must not depend on text labels, anti-aliased grayscale, or runtime image files.",,Replace only this 16x16 C++ row in EchoPetCatalogVisuals.cpp or regenerate it with the manifest row id preserved. Do not add runtime PNG/JPG/GIF loading.
CAT-158,158,MEMORY159,souvenir,memory,icon_6,['secret'],,memory/souvenir silhouette,Draw `MEMORY159` as a 16x16 memory/souvenir silhouette matching its gameplay/use semantic.,needs_final_art,generated runtime row,kCatalogEntryBitmaps[158],"16 uint16_t rows, high bit is leftmost pixel","catalog row must remain recognizable at native 16x16, at x2 proof scale, and when placed in the compact 64x64 main scene; it must not depend on text labels, anti-aliased grayscale, or runtime image files.",,Replace only this 16x16 C++ row in EchoPetCatalogVisuals.cpp or regenerate it with the manifest row id preserved. Do not add runtime PNG/JPG/GIF loading.
CAT-159,159,MEMORY160,souvenir,memory,icon_7,['secret'],,memory/souvenir silhouette,Draw `MEMORY160` as a 16x16 memory/souvenir silhouette matching its gameplay/use semantic.,needs_final_art,generated runtime row,kCatalogEntryBitmaps[159],"16 uint16_t rows, high bit is leftmost pixel","catalog row must remain recognizable at native 16x16, at x2 proof scale, and when placed in the compact 64x64 main scene; it must not depend on text labels, anti-aliased grayscale, or runtime image files.",,Replace only this 16x16 C++ row in EchoPetCatalogVisuals.cpp or regenerate it with the manifest row id preserved. Do not add runtime PNG/JPG/GIF loading.
